"XLSWrite 1.34 Copyright(c) 1999,2000 Axolot Data",Balanço Patrimonial - PETROBRAS,,,,,,,,,,,,,,,,,,,,,,,,,,,,,,,,,,,,,,,,,,,,,,,,,,,,,,,,,,,
31/03/2009,30/06/2009,30/09/2009,31/12/2009,31/03/2010,30/06/2010,30/09/2010,31/12/2010,31/03/2011,30/06/2011,30/09/2011,31/12/2011,31/03/2012,30/06/2012,30/09/2012,31/12/2012,31/03/2013,30/06/2013,30/09/2013,31/12/2013,31/03/2014,30/06/2014,30/09/2014,31/12/2014,31/03/2015,30/06/2015,30/09/2015,31/12/2015,31/03/2016,30/06/2016,30/09/2016,31/12/2016,31/03/2017,30/06/2017,30/09/2017,31/12/2017,31/03/2018,30/06/2018,30/09/2018,31/12/2018,31/03/2019,30/06/2019,30/09/2019,31/12/2019,31/03/2020,30/06/2020,30/09/2020,31/12/2020,31/03/2021,30/06/2021,30/09/2021,31/12/2021,31/03/2022,30/06/2022,30/09/2022,31/12/2022,31/03/2023,30/06/2023,30/09/2023,31/12/2023,31/03/2024
Ativo Total,305.265.345,333.789.528,345.607.274,365.998.080,382.029.857,507.697.037,519.970.030,544.945.275,554.583.458,582.124.896,599.149.969,615.818.461,628.027.752,646.683.165,677.716.296,695.313.170,749.027.656,758.432.793,752.966.631,802.014.626,800.370.000,815.741.010,793.374.949,831.948.063,859.298.988,931.561.996,900.134.994,859.159.986,818.332.041,803.206.005,804.945.002,788.046.021,808.054.030,803.870.015,831.515.001,824.153.014,850.281.955,866.755.936,860.473.000,949.086.978,965.248.025,924.465.037,926.011.032,971.644.994,1.015.142.023,965.430.018,987.418.984,998.283.018,941.446.988,974.689.010,972.950.995,998.662.013,1.004.753.977,947.574.014,976.708.960,978.576.998,990.459.003,1.025.495.990,1.050.887.979,1.067.292.033
Ativo Circulante,57.621.537,75.719.057,76.674.015,74.459.103,71.980.237,111.415.034,106.685.161,120.036.377,119.493.476,120.493.400,121.163.678,126.373.536,116.320.633,125.807.690,118.101.811,116.893.311,144.710.009,137.242.591,123.350.376,159.665.095,144.270.000,142.950.007,135.023.010,137.564.996,160.379.994,176.380.002,169.580.986,146.243.011,132.624.998,144.752.984,145.907.007,134.058.000,142.435.009,143.941.992,155.908.997,145.411.998,144.255.009,150.200.992,143.606.006,130.604.999,181.333.000,147.600.998,112.100.999,163.561.996,201.926.001,151.643.996,142.323.007,153.971.999,151.539.007,166.334.005,168.247.001,199.511.998,224.784.990,159.327.011,163.051.995,157.193.994,136.816.001,147.311.002,157.079.011,165.964.005
Caixa e Equivalentes de Caixa,10.072.162,30.088.286,28.795.714,26.951.326,24.209.867,47.291.933,30.323.259,43.344.818,34.672.615,33.659.195,35.747.242,39.904.494,26.318.336,30.187.315,27.628.003,27.235.076,51.249.525,39.349.920,37.171.823,68.466.528,58.140.000,49.623.998,44.239.000,34.450.002,81.166.000,99.869.999,97.845.002,77.778.002,62.940.000,70.059.999,69.107.999,60.873.998,77.969.998,74.430.996,74.494.001,66.361.999,65.536.000,56.803.000,53.853.999,36.475.998,64.051.999,54.882.001,29.714.000,80.382.001,106.597.999,71.635.001,60.856.001,68.154.999,49.125.999,59.393.999,58.410.000,81.601.004,85.310.996,23.650.001,41.722.999,52.276.998,49.882.001,60.642.001,61.612.999,57.689.002
Aplicações Financeiras,0,0,0,0,0,0,26.017.296,20.015.772,24.969.263,21.410.791,16.808.468,18.002.805,19.668.449,22.673.562,21.315.725,19.301.607,21.782.053,18.545.838,9.100.566,10.025.962,8.236.000,20.674.001,24.763.001,33.828.000,10.478.000,4.379.000,3.047.000,2.729.000,2.430.000,2.542.000,2.556.000,2.909.000,3.317.000,5.744.000,6.237.000,3.905.000,4.060.000,4.164.000,4.198.000,4.370.000,2.456.000,5.427.000,3.580.000,3.346.000,2.952.000,3.782.000,3.424.000,3.299.000,3.013.000,2.920.000,3.630.000,5.967.000,14.957.000,13.038.000,14.470.000,14.629.000,11.103.000,6.505.000,13.650.000,24.071.999
Contas a Receber,14.555.268,13.643.311,13.984.270,16.200.355,15.961.582,18.407.326,17.333.975,17.777.672,18.762.930,20.466.373,21.974.700,21.436.549,22.587.245,23.291.283,22.680.508,22.441.980,22.130.065,21.519.276,22.652.363,24.040.520,23.412.001,21.549.001,21.167.000,20.736.999,20.050.000,21.155.000,22.659.000,18.865.000,17.047.000,16.953.000,15.543.000,14.042.000,14.477.000,16.525.000,16.446.000,15.631.000,19.385.000,25.660.000,22.264.001,19.335.999,15.509.000,17.494.999,15.164.000,15.866.000,14.316.000,12.905.000,24.583.999,13.432.001,22.381.001,25.560.001,35.538.002,26.848.999,26.443.000,22.026.000,26.141.999,23.497.001,21.041.000,25.501.999,29.702.001,25.184.000
Estoques,19.674.548,20.635.085,21.424.652,20.030.609,19.680.465,21.359.229,19.815.676,23.868.891,25.751.417,27.397.235,28.446.925,29.396.161,30.159.057,30.355.708,29.735.948,31.801.612,31.097.264,33.570.384,33.323.520,35.259.679,37.407.998,32.437.000,30.457.000,32.031.001,33.771.000,32.585.001,29.056.999,29.098.000,28.508.000,27.627.000,27.622.001,26.172.000,26.621.000,25.851.001,28.081.000,29.361.000,35.534.000,38.864.998,34.822.001,32.962.001,34.237.999,31.583.001,33.009.000,31.236.000,27.594.000,29.789.999,29.500.000,39.730.000,36.038.001,39.577.002,40.485.999,48.350.999,49.821.999,52.825.002,45.803.999,40.483.000,39.240.999,39.510.000,37.184.000,40.848.998
Ativos Biológicos,0,0,0,0,0,0,0,0,0,0,0,0,0,0,0,0,0,0,0,0,0,0,0,0,0,0,0,0,0,0,0,0,0,0,0,0,0,0,0,0,0,0,0,0,0,0,0,0,0,0,0,0,0,0,0,0,0,0,0,0
Tributos a Recuperar,0,0,0,0,0,0,8.934.797,10.178.227,11.322.895,12.568.754,12.845.667,12.179.723,11.884.001,12.614.975,11.386.585,10.736.508,13.482.127,15.246.380,11.645.732,11.609.575,8.344.000,8.603.000,10.123.000,9.674.000,9.927.000,10.172.000,10.732.000,10.612.000,9.285.000,8.709.000,8.153.000,8.167.000,8.361.000,7.899.000,8.062.000,8.334.000,9.006.000,9.441.000,7.883.000,8.299.000,9.026.000,10.788.000,14.287.000,13.150.000,29.788.000,23.851.999,13.483.000,8.552.000,9.675.000,7.997.000,7.511.000,6.175.000,6.676.000,7.763.000,6.819.000,6.102.000,6.353.000,5.965.000,5.703.000,7.701.000
Despesas Antecipadas,0,0,0,0,0,0,1.006.419,1.282.752,1.218.744,1.449.748,1.328.418,1.569.535,1.673.936,2.128.645,1.692.488,2.067.556,2.270.287,2.212.821,1.386.799,0,0,0,0,0,0,0,0,0,0,0,0,0,0,0,0,0,0,0,0,0,0,0,0,0,0,0,0,0,0,0,0,0,0,0,0,0,0,0,0,0
Outros Ativos Circulantes,13.319.559,11.352.375,12.469.380,11.276.813,12.128.329,24.356.547,3.253.738,3.568.239,2.795.611,3.541.308,4.012.266,3.884.271,4.029.610,4.556.200,3.662.553,3.308.970,2.698.705,6.797.979,8.069.577,10.262.817,8.730.000,10.063.000,4.274.000,6.845.000,4.988.000,8.219.000,6.241.000,7.161.000,12.415.000,18.862.000,22.925.001,21.894.001,11.689.000,13.492.000,22.589.000,21.819.001,10.734.000,15.268.000,20.585.001,29.162.000,56.051.999,27.426.001,16.347.000,19.581.999,20.678.001,9.680.000,10.476.000,20.804.000,31.306.000,30.886.001,22.671.999,30.569.001,41.576.002,40.025.002,28.093.999,20.206.000,9.196.000,9.187.000,9.227.000,10.469.000
Ativo Realizável a Longo Prazo,24.442.391,25.204.085,26.380.032,37.083.656,38.026.166,39.065.182,38.469.951,38.680.605,38.248.833,41.251.119,41.187.320,41.317.528,43.614.257,37.763.990,47.215.186,53.752.590,58.360.390,60.923.814,43.999.363,45.838.041,45.138.002,47.874.998,50.104.001,54.911.001,56.230.998,69.189.001,74.879.001,67.617.001,59.874.001,61.226.000,66.551.001,63.457.001,67.520.000,66.247.000,70.955.000,72.314.003,80.529.998,81.576.002,85.477.999,87.135.003,81.959.002,74.636.001,71.306.002,119.774.003,124.448.997,128.209.002,104.974.000,113.968.996,72.123.998,77.639.000,79.991.996,85.532.000,86.511.002,92.716.999,110.721.999,118.949.003,122.753.999,131.246.998,129.735.000,129.858.003
Aplicações Financeiras Avaliadas a Valor Justo,0,0,0,0,0,0,4.981.553,4.907.417,4.935.612,5.197.074,5.472.748,5.725.833,6.003.113,348.745,69.747,60.464,33.149,32.213,30.703,21.481,22.000,13.000,6.000,5.000,5.000,3.000,21.000,21.000,21.000,8.000,0,0,0,0,0,0,0,0,0,0,0,0,0,0,0,0,0,0,0,0,0,0,0,0,0,0,0,0,0,0
Aplicações Financeiras Avaliadas ao Custo Amortizado,0,0,0,0,0,0,225.953,219.955,263.729,271.636,274.363,283.587,288.321,289.188,289.284,309.954,304.342,300.775,276.514,273.992,277.000,281.000,284.000,289.000,293.000,338.000,321.000,327.000,290.000,289.000,293.000,713.000,715.000,734.000,211.000,211.000,0,0,0,0,0,0,0,0,0,0,0,0,0,0,0,0,0,0,0,0,0,0,0,0
Contas a Receber,7.550.039,9.034.805,8.596.951,8.543.043,8.667.360,9.898.908,4.829.451,4.684.615,4.609.358,5.473.781,5.122.163,5.226.506,5.488.113,5.471.612,5.230.502,4.664.989,5.193.339,5.326.680,5.581.232,11.520.449,12.660.000,12.708.000,14.441.000,16.010.000,16.219.000,17.017.000,14.327.000,13.841.000,12.976.000,11.959.000,14.832.000,14.511.000,17.423.999,16.000.000,17.120.000,16.124.000,200.000,199.000,205.000,203.000,200.000,198.000,232.000,217.000,207.000,219.000,227.000,231.000,245.000,246.000,247.000,257.000,257.000,264.000,8.159.000,13.423.000,15.384.001,19.599.999,11.661.000,9.394.000
Estoques,0,0,0,0,0,0,91.161,91.355,92.331,109.786,84.122,81.573,89.897,89.927,91.847,99.387,93.845,114.315,122.545,0,0,0,0,0,0,0,0,0,0,0,0,0,0,0,0,0,19.090.999,17.827.000,21.280.999,20.657.000,18.808.001,10.279.000,10.345.000,12.002.000,12.559.000,12.879.000,13.675.000,14.666.000,8.536.000,9.373.000,10.603.000,9.289.000,10.379.000,10.516.000,12.729.000,9.868.000,9.651.000,7.795.000,8.942.000,7.302.000
Ativos Biológicos,0,0,0,0,0,0,0,0,0,0,0,0,0,0,0,0,0,0,0,0,0,0,0,0,0,0,0,0,0,0,0,0,0,0,0,0,0,0,0,0,0,0,0,0,0,0,0,0,0,0,0,0,0,0,0,0,0,0,0,0
Tributos Diferidos,0,0,0,0,0,0,17.210.855,17.068.494,16.913.208,17.243.892,17.255.799,16.314.815,18.407.311,17.741.363,21.965.812,29.008.296,31.718.097,33.057.851,15.250.712,15.868.694,13.827.000,13.662.000,13.318.000,13.618.000,13.220.000,25.433.999,34.507.002,27.126.000,20.362.000,22.388.001,24.274.000,20.120.001,20.034.001,20.512.000,21.543.999,21.554.999,0,0,0,0,0,0,0,0,0,0,0,0,0,0,0,0,0,0,0,0,0,0,0,0
Despesas Antecipadas,0,0,0,0,0,0,1.225.919,1.433.825,1.657.556,2.042.412,1.902.789,2.306.940,2.174.970,2.383.539,2.663.420,2.691.313,2.671.932,2.823.246,3.134.187,0,0,0,0,0,0,0,0,0,0,0,0,0,0,0,0,0,25.615.999,25.684.001,24.100.999,24.345.000,23.495.000,22.788.000,21.469.999,65.537.999,69.176.001,73.057.001,49.935.000,57.437.000,20.022.999,22.830.000,21.568.000,21.508.999,21.977.999,22.543.999,24.057.000,24.281.999,23.810.001,26.185.001,26.532.999,27.896.001
Créditos com Partes Relacionadas,138.975,117.990,147.335,157.671,148.325,135.158,126.448,284.211,120.532,128.205,148.508,97.187,101.457,79.538,3.844.950,3.937.014,3.890.726,4.478.904,5.034.449,0,0,0,0,0,0,0,0,0,0,0,0,0,0,0,0,0,0,0,0,0,0,0,0,0,0,0,0,0,0,0,0,0,0,0,0,0,0,0,0,0
Outros Ativos Não Circulantes,16.753.376,16.051.288,17.635.744,28.382.943,29.210.485,29.031.117,9.778.613,9.990.731,9.656.504,10.784.337,10.926.826,11.281.089,11.061.074,11.360.074,13.059.623,12.981.172,14.454.957,14.789.827,14.569.022,18.153.423,18.352.001,21.211.001,22.055.000,24.989.000,26.493.999,26.397.000,25.703.000,26.301.999,26.225.000,26.582.000,27.151.999,28.113.000,29.347.000,29.001.001,32.079.999,34.424.001,0,0,0,0,0,0,0,0,0,0,0,0,0,0,0,0,0,0,0,0,0,0,0,0
Investimentos,5.499.256,5.588.953,3.148.357,5.676.750,8.489.187,8.773.659,8.879.163,9.222.102,9.237.263,9.095.671,12.248.080,12.324.189,11.864.898,12.150.947,12.476.892,11.755.720,14.610.342,15.104.980,15.615.384,15.619.421,15.669.000,15.537.000,15.282.000,15.856.000,15.587.000,15.987.000,13.772.000,14.215.999,13.088.000,12.955.000,9.948.000,10.699.000,12.307.000,12.660.000,12.554.000,12.674.000,12.287.000,13.396.000,10.690.000,11.266.000,14.584.001,23.579.001,22.166.000,19.972.999,19.007.001,17.119.000,17.010.000,18.044.000,10.296.001,10.247.000,8.427.000,9.601.000,8.993.000,9.041.000,8.172.000,8.314.000,7.921.000,6.879.000,6.574.000,6.168.000
Imobilizado,207.843.049,217.877.053,230.230.508,240.384.786,255.024.218,265.329.852,282.837.549,294.164.759,304.924.525,327.771.652,342.266.905,353.667.252,373.934.588,388.646.502,418.715.664,431.874.146,451.353.346,464.647.619,533.880.308,544.913.654,559.334.949,591.605.989,580.990.009,611.378.004,615.095.992,657.873.043,629.830.975,619.223.974,601.165.988,573.385.998,571.875.983,569.235.014,575.241.978,570.782.974,584.356.987,585.947.021,605.484.024,610.728.018,609.828.995,709.226.988,677.471.977,668.741.992,641.948.975,589.814.039,591.299.019,590.854.029,645.433.983,634.712.031,629.848.998,703.868.043,699.406.025,687.050.981,667.422.949,671.067.013,679.182.008,678.621.020,706.646.966,725.455.995,742.774.014,750.483.014
Intangível,7.260.230,6.878.960,6.808.331,8.393.765,8.510.031,83.113.271,83.098.190,82.841.469,82.679.431,83.513.065,82.283.987,82.135.908,82.293.416,82.314.019,81.206.755,81.037.361,79.993.561,80.513.778,36.121.194,35.978.473,35.958.002,17.773.001,11.975.999,12.238.000,12.005.000,12.133.000,12.071.999,11.860.000,11.579.000,10.886.000,10.663.000,10.597.000,10.550.000,10.238.000,7.740.000,7.806.000,7.726.000,10.855.000,10.870.000,10.854.000,9.900.000,9.907.000,78.489.002,78.521.999,78.461.002,77.604.004,77.678.002,77.585.998,77.639.000,16.601.000,16.879.000,16.966.000,17.042.000,15.422.000,15.581.000,15.499.000,16.321.000,14.603.000,14.726.000,14.819.000
Diferido,2.598.865,2.521.416,2.365.998,0,0,0,0,0,0,0,0,0,0,0,0,0,0,0,0,0,0,0,0,0,0,0,0,0,0,0,0,0,0,0,0,0,0,0,0,0,0,0,0,0,0,0,0,0,0,0,0,0,0,0,0,0,0,0,0,0
Passivo Total,305.265.345,333.789.528,345.607.274,365.998.080,382.029.857,507.697.037,519.970.030,544.945.275,554.583.458,582.124.896,599.149.969,615.818.461,628.027.752,646.683.165,677.716.296,695.313.170,749.027.656,758.432.793,752.966.631,802.014.626,800.370.000,815.741.010,793.374.949,831.948.063,859.298.988,931.561.996,900.134.994,859.159.986,818.332.041,803.206.005,804.945.002,788.046.021,808.054.030,803.870.015,831.515.001,824.153.014,850.281.955,866.755.936,860.473.000,949.086.978,965.248.025,924.465.037,926.011.032,971.644.994,1.015.142.023,965.430.018,987.418.984,998.283.018,941.446.988,974.689.010,972.950.995,998.662.013,1.004.753.977,947.574.014,976.708.960,978.576.998,990.459.003,1.025.495.990,1.050.887.979,1.067.292.033
Passivo Circulante,55.737.373,52.317.192,58.029.638,60.148.105,63.321.108,65.310.036,56.834.675,60.590.326,60.821.152,67.711.238,68.212.335,65.952.465,62.912.119,64.248.496,69.620.580,68.529.086,68.163.985,69.960.163,82.524.529,83.746.333,75.255.996,84.708.000,82.659.000,90.358.997,100.595.999,109.719.003,111.572.001,107.458.003,83.681.001,82.830.000,81.167.000,78.477.001,69.968.003,71.248.003,82.534.998,78.116.004,84.649.001,94.071.996,97.067.999,113.538.998,138.346.004,133.660.000,116.147.003,134.836.994,144.168.993,140.706.005,136.287.011,124.469.002,115.928.998,138.664.002,134.912.991,130.221.998,171.156.996,135.807.009,163.731.014,128.450.003,151.599.006,154.571.014,163.927.998,153.876.005
Obrigações Sociais e Trabalhistas,0,0,0,0,0,0,2.605.810,2.568.596,2.942.302,3.340.274,3.182.067,2.974.570,3.436.238,4.059.793,4.420.579,4.163.907,4.863.915,6.480.930,4.806.121,6.361.671,5.709.000,7.931.000,5.489.000,6.168.000,5.472.000,6.156.000,5.085.000,4.871.000,6.081.000,8.261.000,7.159.000,6.020.000,5.217.000,5.240.000,4.331.000,4.920.000,6.013.000,6.781.000,6.426.000,7.082.000,6.511.000,7.370.000,6.632.000,6.152.000,9.284.000,10.609.000,10.150.000,9.655.000,9.092.000,9.182.000,8.335.000,7.743.000,6.814.000,8.190.000,7.805.000,8.080.000,6.843.000,8.839.000,9.802.000,9.521.000
Fornecedores,14.498.820,14.813.655,16.980.678,16.191.082,16.340.192,19.580.197,17.043.678,18.600.657,18.616.455,21.156.510,21.417.527,20.490.271,22.352.372,25.374.960,23.735.509,24.117.803,24.127.445,24.648.884,26.721.401,26.905.199,27.551.001,27.658.000,25.924.000,25.067.999,24.580.999,26.641.000,24.913.000,20.754.999,17.840.001,17.334.000,18.781.000,14.925.000,17.001.000,18.948.999,19.076.999,18.027.000,20.768.999,27.458.001,24.516.000,22.912.000,21.831.999,24.356.999,22.576.001,30.262.000,21.419.000,24.438.999,35.645.002,29.056.999,26.677.000,29.501.999,30.596.999,28.029.000,28.953.999,28.164.000,28.507.001,25.643.000,26.168.001,23.382.999,23.302.001,25.801.001
Obrigações Fiscais,12.780.767,10.119.230,12.747.880,9.842.337,8.966.471,9.327.789,10.250.098,10.792.274,11.546.982,11.268.713,10.968.716,10.968.638,11.034.226,10.521.299,12.521.622,11.732.359,10.357.364,11.071.224,11.596.803,734.543,838.000,823.000,657.000,1.028.000,910.000,860.000,410.000,1.125.000,669.000,647.000,412.000,237.000,2.162.000,1.151.000,990.000,1.625.000,1.648.000,1.514.000,817.000,1.464.000,4.286.000,574.000,1.114.000,998.000,1.144.000,740.000,1.029.000,832.000,871.000,3.140.000,4.089.000,4.895.000,10.065.000,8.568.000,15.045.000,6.891.000,2.746.000,8.085.000,6.295.000,5.031.000
Empréstimos e Financiamentos,12.622.364,10.224.218,14.887.211,20.335.481,25.618.768,22.686.153,15.668.290,16.595.449,16.737.001,20.019.053,18.966.327,18.018.198,17.610.772,15.340.941,15.319.805,14.564.371,18.199.052,18.189.128,18.782.900,21.843.616,23.535.000,28.242.999,31.565.001,39.721.001,44.655.002,53.376.000,57.381.999,62.125.998,36.513.001,37.100.999,31.855.000,34.971.001,25.984.999,23.428.999,23.243.999,15.474.000,15.353.000,16.235.000,14.296.001,36.082.999,44.380.000,54.861.001,41.138.999,59.234.001,66.282.000,68.367.999,51.364.000,49.349.001,42.206.999,49.538.998,50.631.000,43.318.002,48.923.001,46.727.999,47.650.001,49.483.002,49.818.001,55.139.000,55.780.999,61.797.999
Passivos com Partes Relacionadas,0,0,0,0,140.794,159.540,148.798,173.431,178.690,206.691,834.291,875.270,706.030,964.493,1.039.305,928.801,1.139.205,1.264.644,1.200.966,0,0,0,0,0,0,0,0,0,0,0,0,0,0,0,0,0,0,0,0,0,0,0,0,0,0,0,0,0,0,0,0,0,0,0,0,0,0,0,0,0
Dividendos e JCP a Pagar,6.021.731,4.171.089,2.333.053,3.983.629,1.754.815,1.826.230,3.595.303,4.215.717,2.608.899,2.608.899,3.878.129,4.256.188,0,0,6.153.528,6.256.967,2.898.598,0,9.301.024,9.526.552,0,0,0,0,0,0,0,0,0,0,0,0,0,0,0,0,0,0,4.296.000,4.356.000,1.272.000,2.472.000,6.278.000,1.808.000,1.973.000,2.010.000,4.457.000,4.482.000,33.000,10.607.000,0,0,24.269.001,0,21.762.001,0,30.822.001,21.693.999,17.134.000,99.000
Outros,6.373.867,7.175.118,6.030.238,5.242.029,5.672.174,7.446.627,6.219.601,6.295.796,6.908.326,7.756.852,7.538.239,6.870.072,6.349.630,6.489.964,4.820.607,5.088.115,4.991.870,5.622.231,5.689.092,15.221.458,15.126.000,17.264.001,16.909.000,16.130.000,22.676.001,20.238.000,20.738.001,15.864.001,16.662.000,16.262.000,18.683.001,18.224.001,16.237.000,18.865.000,23.344.001,23.819.000,25.497.999,26.862.000,26.279.000,21.135.000,23.719.001,22.695.000,21.747.000,19.009.000,27.101.000,26.869.999,22.034.001,23.449.001,27.395.000,27.730.000,32.789.000,35.180.999,38.889.001,31.460.000,31.565.998,29.261.001,29.406.001,33.081.002,34.763.999,34.303.001
Provisões,3.439.823,5.813.882,5.050.577,4.553.543,4.827.894,4.283.503,1.303.097,1.348.403,1.282.493,1.354.246,1.427.035,1.499.257,1.422.854,1.497.044,1.609.627,1.676.769,1.586.539,1.664.700,1.912.388,2.007.631,1.909.000,2.198.000,2.115.000,2.244.000,2.109.000,2.253.000,2.556.000,2.717.000,2.563.000,2.753.000,2.672.000,2.853.000,2.665.000,2.842.000,10.254.000,13.758.000,15.203.000,15.070.000,16.630.000,16.550.000,14.335.000,3.147.000,3.577.000,4.053.000,3.659.000,3.837.000,8.049.000,3.679.000,4.845.000,3.744.000,3.632.000,3.687.000,3.697.000,3.734.000,3.750.000,3.802.000,3.751.000,3.802.000,14.229.000,14.710.000
Passivos sobre Ativos Não-Correntes a Venda e Descontinuados,0,0,0,0,0,0,0,0,0,0,0,0,0,0,0,0,0,1.018.419,2.513.837,1.145.664,588.000,591.000,0,0,193.000,195.000,488.000,0,3.353.000,472.000,1.605.000,1.247.000,701.000,772.000,1.295.000,493.000,165.000,152.000,3.808.000,3.957.000,22.011.001,18.183.999,13.084.000,13.321.000,13.307.000,3.833.000,3.559.000,3.966.000,4.809.000,5.220.000,4.840.000,7.369.000,9.546.000,8.963.000,7.646.000,5.290.000,2.045.000,548.000,2.621.000,2.613.000
Passivo Não Circulante,95.786.074,121.453.142,126.502.846,132.618.166,138.801.758,140.908.200,152.912.036,166.162.825,167.419.625,183.216.882,198.714.032,211.043.598,226.226.668,237.786.268,262.662.046,289.119.076,340.838.121,345.370.427,321.108.410,362.498.654,362.873.979,388.637.000,399.993.995,435.876.987,449.300.005,530.860.999,530.632.999,485.319.016,459.358.994,458.359.996,471.035.019,449.053.000,476.942.008,468.103.004,479.371.002,468.284.015,478.184.997,476.508.979,479.862.030,546.516.992,517.483.987,481.052.000,510.726.996,601.883.017,625.251.975,574.363.009,539.982.004,553.569.026,463.128.003,460.336.005,448.456.983,431.379.022,420.744.987,437.662.024,448.593.002,446.721.982,466.578.997,483.435.020,504.619.991,503.494.017
Empréstimos e Financiamentos,55.256.396,79.236.817,84.702.691,87.157.514,92.153.881,91.974.017,102.247.023,112.404.455,111.561.425,126.825.021,136.588.370,146.118.312,161.564.475,171.215.487,180.993.540,182.369.583,230.841.532,232.676.770,249.037.996,286.303.191,284.177.007,303.461.007,319.470.010,360.918.024,370.894.012,453.208.015,435.466.994,387.889.005,361.247.015,361.064.006,353.929.003,329.787.015,350.601.970,335.983.018,338.238.996,325.504.991,338.270.028,336.566.026,312.580.014,376.995.021,342.782.018,319.520.014,310.022.013,404.681.982,433.272.979,380.560.998,341.183.988,354.966.995,276.361.970,274.584.994,277.187.002,234.099.999,231.713.997,246.675.014,233.052.996,221.548.003,229.556.994,250.311.999,247.280.992,247.156.998
Passivos com Partes Relacionadas,50.699,51.068,52.433,59.226,59.635,60.953,179.202,175.880,176.396,201.878,187.149,188.352,219.630,193.099,181.350,201.816,391.076,541.758,386.612,0,0,0,0,0,0,0,0,0,0,0,0,0,0,0,0,0,0,0,0,0,0,0,0,0,0,0,0,0,0,0,0,0,0,0,0,0,0,0,0,0
Outros,10.487.388,10.099.756,8.865.598,7.666.549,7.601.425,7.712.166,1.169.841,1.116.111,1.062.763,1.145.853,1.816.266,1.476.862,1.239.518,1.188.610,1.395.259,1.423.878,1.908.145,1.614.125,1.309.112,0,0,0,0,0,0,0,0,0,0,0,0,0,2.922.000,2.950.000,2.219.000,2.249.000,2.180.000,2.161.000,2.139.000,2.115.000,2.089.000,2.063.000,2.031.000,1.993.000,1.951.000,1.903.000,1.853.000,1.802.000,1.764.000,1.722.000,1.676.000,1.646.000,1.626.000,1.604.000,1.578.000,1.549.000,1.518.000,1.484.000,1.446.000,1.396.000
Tributos Diferidos,0,0,0,0,0,0,26.160.593,28.960.516,30.846.618,30.726.025,33.268.472,35.601.940,34.821.095,36.314.427,39.261.602,41.967.821,43.315.970,45.640.090,23.206.031,25.624.144,28.054.000,21.923.000,8.052.000,840.000,4.927.000,1.156.000,906.000,812.000,782.000,888.000,856.000,789.000,3.526.000,6.721.000,3.956.000,5.608.000,1.637.000,1.745.000,2.536.000,2.563.000,14.698.000,10.735.000,7.095.000,882.000,822.000,782.000,1.015.000,1.205.000,2.247.000,845.000,6.857.000,43.185.000,36.115.001,35.471.999,35.220.001,42.575.999,53.490.999,50.931.999,52.820.001,50.160.001
Adiantamento para Futuro Aumento Capital,0,0,0,0,0,0,0,0,0,0,0,0,0,0,0,0,0,0,0,0,0,0,0,0,0,0,0,0,0,0,0,0,0,0,0,0,0,0,0,0,0,0,0,0,0,0,0,0,0,0,0,0,0,0,0,0,0,0,0,0
Provisões,29.991.586,32.065.499,32.882.125,37.734.879,38.986.826,41.161.073,23.155.372,23.505.873,23.772.420,24.318.108,26.853.786,27.658.140,28.381.944,28.874.643,40.830.296,63.155.970,64.381.399,64.897.708,47.168.672,50.571.346,50.643.001,63.253.000,72.472.003,74.118.996,73.478.996,76.497.002,94.260.003,96.617.996,97.330.004,96.408.003,116.250.001,118.476.997,119.892.001,122.449.002,134.956.990,134.922.002,136.097.997,136.036.991,162.607.006,164.843.995,157.915.005,148.734.001,191.579.013,194.326.004,189.206.004,191.116.984,195.929.997,195.595.010,182.755.000,183.183.999,162.736.996,152.448.008,151.290.003,153.911.001,178.742.002,181.049.000,182.012.985,180.707.000,203.072.995,204.780.995
Passivos sobre Ativos Não-Correntes a Venda e Descontinuados,0,0,0,0,0,0,0,0,0,0,0,0,0,0,0,0,0,0,0,0,0,0,0,0,0,0,0,0,0,0,0,0,0,0,0,0,0,0,0,0,0,0,0,0,0,0,0,0,0,0,0,0,0,0,0,0,0,0,0,0
Lucros e Receitas a Apropriar,0,0,0,0,0,0,0,0,0,0,0,0,0,0,0,0,0,0,0,0,0,0,0,0,0,0,0,0,0,0,0,0,0,0,0,0,0,0,0,0,0,0,0,0,0,0,0,0,0,0,0,0,0,0,0,0,0,0,0,0
Participação dos Acionistas Não Controladores,3.893.928,4.627.492,1.610.167,2.932.712,2.932.856,4.117.783,3.458.118,3.410.560,3.631.129,2.791.978,2.384.730,2.565.967,2.113.094,2.190.925,2.353.980,2.227.710,1.760.431,1.789.943,1.393.791,1.279.056,1.540.000,1.071.000,1.874.000,1.954.000,2.183.000,1.543.000,3.199.000,3.717.000,3.897.000,2.481.000,2.513.000,2.696.000,2.509.000,2.755.000,5.624.000,5.790.000,5.309.000,5.810.000,6.318.000,6.372.000,5.799.000,3.501.000,3.596.000,3.096.000,2.955.000,2.625.000,2.740.000,6.850.000,6.338.000,6.612.000,2.252.000,2.867.000,2.307.000,1.607.000,1.791.000,1.321.000,1.598.000,1.483.000,1.899.000,2.286.000
Patrimônio Líquido,149.847.966,155.391.689,159.464.587,170.299.081,176.974.135,297.360.982,306.765.189,314.781.564,322.711.576,328.404.782,329.838.881,336.256.431,336.775.921,342.457.459,343.079.690,335.437.289,338.265.110,341.312.218,347.939.893,354.490.624,360.700.016,341.325.010,308.847.970,303.758.005,307.219.993,289.439.003,254.731.002,262.666.016,271.394.996,259.535.008,250.230.008,257.820.004,258.635.003,261.764.008,263.984.993,271.963.004,282.139.006,290.365.010,277.225.011,282.658.996,303.619.000,306.251.988,295.541.008,231.828.999,242.765.990,247.735.988,308.410.019,313.395.006,356.052.028,369.076.987,387.328.980,434.193.993,410.544.995,372.497.981,362.593.977,402.083.980,370.682.984,386.006.989,380.441.006,407.635.978
Capital Social Realizado,78.966.686,78.966.686,78.966.686,78.966.686,85.108.548,200.160.870,205.357.105,205.357.105,205.379.731,205.379.731,205.379.731,205.392.151,205.392.151,205.392.151,205.392.151,205.392.151,205.410.910,205.410.910,205.410.910,205.410.910,205.431.996,205.431.996,205.431.996,205.431.996,205.431.996,205.431.996,205.431.996,205.431.996,205.431.996,205.431.996,205.431.996,205.431.996,205.431.996,205.431.996,205.431.996,205.431.996,205.431.996,205.431.996,205.431.996,205.431.996,205.431.996,205.431.996,205.431.996,205.431.996,205.431.996,205.431.996,205.431.996,205.431.996,205.431.996,205.431.996,205.431.996,205.431.996,205.431.996,205.431.996,205.431.996,205.431.996,205.431.996,205.431.996,205.431.996,205.431.996
Reservas de Capital,514.857,514.857,514.857,514.857,0,164.696,-6.257,1.847,48.674,101.923,562.643,558.944,644.488,625.114,630.288,641.468,677.845,658.004,736.885,641.482,656.000,656.000,-646.000,-646.000,-646.000,-645.000,21.000,37.000,37.000,45.000,1.035.000,1.034.000,1.046.000,1.036.000,2.457.000,2.457.000,2.457.000,2.457.000,2.458.000,2.458.000,2.458.000,2.455.000,2.449.000,2.449.000,2.449.000,2.449.000,2.449.000,-1.267.000,-1.267.000,-1.254.000,3.097.000,3.097.000,3.102.000,3.102.000,3.102.000,3.102.000,3.102.000,2.131.000,-538.000,-1.685.000
Reservas de Reavaliação,9.920,9.718,350,0,0,0,0,0,0,0,0,0,0,0,0,0,0,0,0,0,0,0,0,0,0,0,0,0,0,0,0,0,0,0,0,0,0,0,0,0,0,0,0,0,0,0,0,0,0,0,0,0,0,0,0,0,0,0,0,0
Reservas de Lucros,58.865.377,58.866.672,79.521.014,84.879.696,79.252.693,77.830.742,101.323.727,101.323.727,101.301.101,101.301.101,122.624.131,122.611.712,122.611.712,122.611.712,134.928.835,134.928.835,134.910.067,134.910.067,149.035.713,149.035.713,149.015.003,149.015.003,149.015.003,127.437.996,127.437.996,127.437.996,92.612.002,92.612.002,92.612.002,92.612.002,77.799.997,77.799.997,77.799.997,77.799.997,77.364.003,83.339.002,92.760.998,98.726.003,95.363.998,99.398.001,116.955.996,123.432.002,124.829.000,76.303.999,73.589.998,72.031.003,127.512.003,128.679.002,165.672.993,165.110.006,164.243.997,208.804.987,177.255.006,133.451.997,128.562.004,166.717.997,135.016.989,146.422.006,159.171.002,182.872.998
Lucros/Prejuízos Acumulados,10.918.406,16.466.363,0,5.971.459,12.494.329,19.251.855,0,8.376.065,16.710.102,20.445.116,0,6.607.815,5.247.747,10.765.923,0,7.541.654,13.745.234,17.142.516,0,5.395.469,10.357.000,5.021.000,-21.577.001,5.333.000,5.866.000,2.110.000,0,-1.243.000,-869.000,-17.323.999,0,4.451.000,4.770.000,5.038.000,0,0,0,0,0,0,0,0,0,0,0,0,0,0,0,0,0,0,0,0,0,0,0,0,0,0
Ajustes de Avaliação Patrimonial,572.716,567.399,461.687,-33.617,118.554,-47.178,287.084,177.879,144.754,250.479,345.700,1.085.806,2.879.834,3.062.563,50.510,-14.768.188,-20.425.189,-20.738.656,-12.439.537,-5.992.973,-4.760.000,0,0,0,0,0,0,0,0,0,0,0,0,0,0,0,0,0,0,0,0,0,0,0,0,0,0,0,0,0,0,0,0,0,0,0,0,0,0,0
Ajustes Acumulados de Conversão,0,0,0,0,0,0,-196.479,-455.045,-872.763,926.437,926.685,0,0,0,2.077.909,1.701.367,3.946.262,3.929.412,5.195.931,0,0,0,0,0,0,0,0,0,0,0,0,0,0,0,0,0,0,0,0,0,0,0,0,0,0,0,0,0,0,0,0,0,0,0,0,0,0,0,0,0
Outros Resultados Abrangentes,0,0,0,0,0,0,0,0,0,0,0,0,0,0,0,0,0,0,0,0,0,-18.799.000,-23.375.999,-33.799.000,-30.870.000,-44.896.002,-43.334.001,-34.172.000,-25.817.000,-21.230.000,-34.037.000,-30.897.000,-30.413.001,-27.542.000,-21.268.001,-19.264.999,-18.511.000,-16.250.000,-26.029.001,-24.629.000,-21.227.000,-25.067.000,-37.169.000,-52.356.002,-38.705.000,-32.176.001,-26.983.000,-19.449.000,-13.786.000,-211.000,14.556.000,16.860.000,24.756.001,30.512.001,25.497.999,26.831.999,27.132.000,32.022.000,16.376.001,21.016.001
Adiantamento para Futuro Aumento Capital,0,0,0,0,0,0,0,0,0,0,0,0,0,0,0,0,0,0,0,0,0,0,0,0,0,0,0,0,0,0,0,0,0,0,0,0,0,0,0,0,0,0,0,0,0,0,0,0,0,0,0,0,0,0,0,0,0,0,0,0
