Id Fornecedor,Id Conta Bancária,Data de Emissao,Data de Vencimento,Data da Movimentação,Valor da Movimentação
9,x 80771218846-00,1/11/2018,1/16/2018,1/11/2018,"19540,71"
150,x 75664985359-06,1/13/2018,1/16/2018,1/18/2018,"1577,625"
150,x 61586581630-06,1/13/2018,1/16/2018,1/19/2018,"1431,08"
150,x 10641176832-10,1/19/2018,1/23/2018,1/19/2018,"2060,765"
197,x 77167377617-02,1/30/2018,1/30/2018,1/30/2018,"13182,4"
33,x 41541621975-04,2/6/2018,2/6/2018,2/6/2018,"13088,81"
89,x 77167377617-02,2/6/2018,2/6/2018,2/6/2018,"23009,735"
112,x 25497925389-08,2/3/2018,2/6/2018,2/6/2018,"458,08"
227,x 64252401479-03,2/6/2018,2/6/2018,2/6/2018,"12986,645"
405,x 10641176832-10,2/6/2018,2/6/2018,2/6/2018,"11705,295"
422,x 95230728368-03,2/6/2018,2/6/2018,2/6/2018,"30993,515"
580,x 61586581630-06,1/5/2018,2/6/2018,2/8/2018,"1584,345"
150,x 39315597929-00,2/9/2018,2/13/2018,2/10/2018,"5618,025"
575,x 14599123731-03,1/10/2018,2/14/2018,2/14/2018,"6453,16"
618,x 61586581630-06,1/18/2018,2/22/2018,2/15/2018,"1186,535"
575,x 77167377617-02,1/12/2018,2/16/2018,2/16/2018,"4756,57"
604,x 63718177635-06,1/18/2018,2/17/2018,2/17/2018,"2967,65"
316,x 57767778949-09,2/20/2018,2/20/2018,2/20/2018,"6728,855"
316,x 10859524552-06,2/20/2018,2/20/2018,2/20/2018,"42971,46"
580,x 86791017985-09,1/19/2018,2/20/2018,2/21/2018,"1607,795"
220,x 22208151256-06,2/22/2018,2/22/2018,2/22/2018,"28658,665"
334,x 77167377617-02,3/2/2018,3/2/2018,3/2/2018,"34746,95"
337,x 29486015020-04,3/2/2018,3/2/2018,3/2/2018,"11424,84"
569,x 14599123731-03,3/3/2018,3/27/2018,3/3/2018,"24883,915"
569,x 80771218846-00,3/3/2018,4/5/2018,3/3/2018,"22498,56"
20,x 77167377617-02,2/24/2018,2/24/2018,3/6/2018,"55102,95"
155,x 61586581630-06,3/10/2018,3/10/2018,3/10/2018,"13450,43"
197,x 32439935907-10,3/10/2018,3/10/2018,3/10/2018,"13267,24"
388,x 64252401479-03,3/10/2018,3/10/2018,3/10/2018,"14566,195"
424,x 61320183682-00,2/23/2018,2/27/2018,3/10/2018,"2722,895"
9,x 29486015020-04,1/18/2018,1/23/2018,3/13/2018,"8781,535"
9,x 57767778949-09,2/10/2018,2/13/2018,3/13/2018,"7937,86"
424,x 14599123731-03,2/23/2018,2/27/2018,3/13/2018,"1875,3"
146,x 32439935907-10,3/15/2018,3/15/2018,3/15/2018,"11682,09"
150,x 63718177635-06,3/9/2018,3/13/2018,3/17/2018,"7493,78"
150,x 63718177635-06,3/13/2018,3/16/2018,3/17/2018,"4711,63"
9,x 10641176832-10,3/20/2018,3/20/2018,3/20/2018,"50196,58"
9,x 57767778949-09,3/21/2018,3/24/2018,3/29/2018,"22847,58"
630,x 50292624232-07,3/29/2018,3/29/2018,3/29/2018,"124783,4"
590,x 64252401479-03,3/30/2018,3/30/2018,3/30/2018,"26497,835"
77,x 22208151256-06,3/31/2018,3/31/2018,3/31/2018,"62689,41"
98,x 41541621975-04,3/31/2018,3/31/2018,3/31/2018,"8880,865"
117,x 14057272557-06,3/31/2018,3/31/2018,3/31/2018,"26740,245"
124,x 14057272557-06,3/31/2018,3/31/2018,3/31/2018,"43456,63"
153,x 32439935907-10,3/31/2018,3/31/2018,3/31/2018,"19297,81"
193,x 25497925389-08,3/31/2018,3/31/2018,3/31/2018,"26854,87"
248,x 25497925389-08,3/31/2018,3/31/2018,3/31/2018,"14372,75"
348,x 14599123731-03,3/31/2018,3/31/2018,3/31/2018,"9299,745"
416,x 22208151256-06,3/31/2018,3/31/2018,3/31/2018,"31277,4"
569,x 63718177635-06,3/3/2018,3/3/2018,3/31/2018,"25890,025"
92,x 95230728368-03,4/6/2018,4/6/2018,4/6/2018,"21575,295"
143,x 80771218846-00,4/6/2018,4/6/2018,4/6/2018,"17101,14"
411,x 86791017985-09,4/6/2018,4/6/2018,4/6/2018,"15811,74"
346,x 14057272557-06,4/4/2018,4/7/2018,4/7/2018,"1324,61"
590,x 10859524552-06,3/13/2018,4/10/2018,4/11/2018,"4080,79"
99,x 80771218846-00,4/13/2018,4/13/2018,4/13/2018,"50054,375"
71,x 75664985359-06,4/18/2018,4/18/2018,4/18/2018,"48696,69"
83,x 63718177635-06,4/18/2018,4/18/2018,4/18/2018,"38105,9"
366,x 61586581630-06,4/18/2018,4/18/2018,4/18/2018,"11647,895"
366,x 29486015020-04,4/18/2018,4/18/2018,4/18/2018,"31673,075"
626,x 10859524552-06,2/2/2018,3/9/2018,4/18/2018,"29222,445"
626,x 39315597929-00,2/2/2018,3/9/2018,4/18/2018,"9511,355"
88,x 63718177635-06,4/19/2018,4/19/2018,4/19/2018,"12399,1"
99,x 39315597929-00,4/19/2018,4/19/2018,4/19/2018,"67964,575"
99,x 94994947160-08,4/19/2018,4/19/2018,4/19/2018,"11458,72"
569,x 39315597929-00,3/3/2018,3/27/2018,4/20/2018,"0,105"
569,x 25497925389-08,3/3/2018,3/3/2018,4/20/2018,"26404,91"
570,x 61320183682-00,3/7/2018,4/5/2018,4/20/2018,"52582,635"
9,x 95230728368-03,4/24/2018,4/24/2018,4/24/2018,"56543,41"
575,x 14057272557-06,2/3/2018,4/10/2018,4/24/2018,"1146,075"
575,x 86791017985-09,3/1/2018,3/31/2018,4/24/2018,"22931,02"
590,x 14057272557-06,3/6/2018,4/3/2018,4/24/2018,"5072,34"
590,x 86791017985-09,3/6/2018,4/3/2018,4/24/2018,"12854,87"
590,x 75664985359-06,3/20/2018,4/17/2018,4/24/2018,"6610,1"
197,x 39315597929-00,4/26/2018,4/26/2018,4/26/2018,"24038,91"
561,x 25455392583-10,2/20/2018,4/28/2018,4/26/2018,"364602,455"
150,x 22208151256-06,4/26/2018,5/2/2018,4/27/2018,"6437,095"
306,x 26759470396-10,4/27/2018,4/27/2018,4/27/2018,"13096,265"
9,x 50292624232-07,5/4/2018,5/8/2018,5/10/2018,"31745,07"
360,x 14599123731-03,5/12/2018,5/12/2018,5/12/2018,"38140,48"
346,x 39315597929-00,5/15/2018,5/18/2018,5/18/2018,"1178,345"
236,x 50292624232-07,5/26/2018,5/29/2018,5/26/2018,"5294,975"
150,x 75664985359-06,5/30/2018,6/2/2018,5/30/2018,"1398,985"
78,x 57767778949-09,1/6/2018,6/9/2018,5/31/2018,"268,555"
78,x 41541621975-04,5/26/2018,5/29/2018,5/31/2018,"2022,055"
87,x 86791017985-09,6/1/2018,6/1/2018,6/1/2018,"29448,335"
111,x 61586581630-06,6/1/2018,6/1/2018,6/1/2018,"18974,69"
127,x 10859524552-06,6/1/2018,6/1/2018,6/1/2018,"25809,56"
165,x 94994947160-08,6/1/2018,6/1/2018,6/1/2018,"21533,925"
176,x 61586581630-06,6/1/2018,6/1/2018,6/1/2018,"16096,675"
195,x 39315597929-00,6/1/2018,6/1/2018,6/1/2018,"42054,04"
377,x 64252401479-03,6/1/2018,6/1/2018,6/1/2018,"13968,535"
575,x 25455392583-10,3/20/2018,4/24/2018,6/7/2018,"19487,545"
150,x 80771218846-00,5/18/2018,5/22/2018,6/8/2018,"1344,77"
150,x 77167377617-02,5/30/2018,6/2/2018,6/8/2018,"2997,855"
575,x 22208151256-06,3/23/2018,4/28/2018,6/8/2018,"30235,555"
207,x 95230728368-03,6/13/2018,6/13/2018,6/13/2018,"4853,765"
561,x 22208151256-06,4/27/2018,5/11/2018,6/13/2018,"314443,15"
315,x 26759470396-10,6/16/2018,6/16/2018,6/16/2018,"70156,695"
570,x 10641176832-10,4/19/2018,5/23/2018,6/20/2018,"20882,575"
315,x 14599123731-03,6/27/2018,6/27/2018,6/27/2018,"54094,775"
9,x 50292624232-07,6/29/2018,6/29/2018,6/29/2018,"32026,82"
78,x 14057272557-06,6/23/2018,6/26/2018,6/29/2018,"2071,44"
112,x 61586581630-06,6/28/2018,6/28/2018,6/29/2018,"36989,855"
136,x 41541621975-04,6/28/2018,6/28/2018,6/29/2018,"58333,24"
142,x 94994947160-08,6/28/2018,6/28/2018,6/29/2018,"25832,59"
169,x 80771218846-00,6/28/2018,6/28/2018,6/29/2018,"11882,92"
177,x 10641176832-10,6/28/2018,6/28/2018,6/29/2018,"23030,175"
341,x 86791017985-09,6/28/2018,6/28/2018,6/29/2018,"11606,49"
94,x 94994947160-08,7/5/2018,7/5/2018,7/5/2018,"10779,895"
561,x 63718177635-06,6/14/2018,6/28/2018,7/7/2018,"344551,62"
410,x 77167377617-02,7/20/2018,7/24/2018,7/20/2018,"332,465"
575,x 14599123731-03,5/5/2018,6/12/2018,7/20/2018,"13512,1"
78,x 32439935907-10,7/28/2018,7/28/2018,7/28/2018,"86426,2"
81,x 61320183682-00,7/28/2018,7/28/2018,7/28/2018,"11557,14"
82,x 39315597929-00,7/28/2018,7/28/2018,7/28/2018,"15626,8"
102,x 80771218846-00,7/28/2018,7/28/2018,7/28/2018,"18780,93"
129,x 61320183682-00,7/28/2018,7/28/2018,7/28/2018,"23383,815"
306,x 50292624232-07,7/28/2018,7/28/2018,7/28/2018,"30904,58"
561,x 95230728368-03,7/10/2018,7/24/2018,8/4/2018,"346054,555"
346,x 10641176832-10,8/2/2018,8/7/2018,8/9/2018,"717,605"
169,x 75664985359-06,8/1/2018,8/1/2018,8/10/2018,"328975,5"
570,x 61586581630-06,5/29/2018,6/27/2018,8/10/2018,"14987,63"
570,x 10859524552-06,6/14/2018,7/13/2018,8/10/2018,"9150,365"
590,x 94994947160-08,8/10/2018,8/10/2018,8/10/2018,"178472,98"
169,x 95230728368-03,8/1/2018,8/1/2018,8/14/2018,"115453,8"
9,x 64252401479-03,7/11/2018,7/14/2018,8/15/2018,"9237,83"
9,x 41541621975-04,8/2/2018,8/7/2018,8/15/2018,"13584,165"
169,x 50292624232-07,8/1/2018,8/21/2018,8/21/2018,"115920,56"
570,x 25497925389-08,6/21/2018,7/25/2018,8/22/2018,"27764,73"
150,x 29486015020-04,8/15/2018,8/18/2018,8/23/2018,"5386,045"
150,x 25455392583-10,8/17/2018,8/21/2018,8/23/2018,"2215,78"
561,x 10859524552-06,8/9/2018,8/23/2018,8/23/2018,"409102,96"
575,x 57767778949-09,6/29/2018,8/2/2018,8/24/2018,"2512,51"
575,x 50292624232-07,7/18/2018,8/22/2018,8/24/2018,"3329,48"
191,x 61320183682-00,8/30/2018,8/30/2018,8/30/2018,"47338,2"
227,x 57767778949-09,8/30/2018,8/30/2018,8/30/2018,"14103,67"
310,x 63718177635-06,8/30/2018,8/30/2018,8/30/2018,"16246,195"
332,x 22208151256-06,8/30/2018,8/30/2018,8/30/2018,"16438,87"
169,x 64252401479-03,8/1/2018,8/21/2018,8/31/2018,"125585,46"
9,x 57767778949-09,8/29/2018,9/1/2018,9/1/2018,"23800,665"
78,x 80771218846-00,9/1/2018,9/1/2018,9/1/2018,"13372,975"
147,x 25455392583-10,9/1/2018,9/1/2018,9/1/2018,"55308,61"
150,x 26759470396-10,8/24/2018,8/28/2018,9/1/2018,"416,115"
147,x 32439935907-10,9/18/2018,9/18/2018,9/18/2018,"21327,985"
563,x 26759470396-10,7/25/2018,9/25/2018,9/19/2018,"20457,815"
9,x 57767778949-09,9/20/2018,9/20/2018,9/20/2018,"66647,455"
27,x 14057272557-06,9/20/2018,9/20/2018,9/20/2018,"12260,395"
575,x 94994947160-08,7/26/2018,9/25/2018,9/22/2018,"1754,725"
575,x 10859524552-06,8/15/2018,9/25/2018,9/22/2018,"7271,46"
626,x 41541621975-04,7/20/2018,9/25/2018,9/22/2018,"30403,17"
169,x 26759470396-10,8/1/2018,9/19/2018,9/25/2018,"219340,8"
426,x 10859524552-06,9/5/2018,9/8/2018,9/25/2018,"2741,97"
561,x 80771218846-00,9/4/2018,9/18/2018,9/25/2018,"466709,74"
570,x 29486015020-04,8/11/2018,9/25/2018,9/25/2018,"11694,375"
570,x 10641176832-10,8/22/2018,9/25/2018,9/25/2018,"26040,455"
575,x 10641176832-10,7/20/2018,9/25/2018,9/25/2018,"7781,305"
575,x 95230728368-03,8/22/2018,9/26/2018,9/25/2018,"2222,185"
575,x 32439935907-10,8/30/2018,9/29/2018,9/25/2018,"1747,865"
604,x 32439935907-10,8/24/2018,9/25/2018,9/25/2018,"2907,31"
119,x 57767778949-09,9/27/2018,9/27/2018,9/27/2018,"23064,895"
337,x 50292624232-07,9/27/2018,9/27/2018,9/27/2018,"11143,265"
590,x 26759470396-10,8/16/2018,9/13/2018,9/27/2018,"18157,615"
590,x 25497925389-08,8/21/2018,9/18/2018,9/27/2018,"3146,08"
590,x 80771218846-00,8/21/2018,9/18/2018,9/27/2018,"10314,395"
590,x 25455392583-10,8/21/2018,9/18/2018,9/27/2018,"3020,85"
590,x 25497925389-08,8/28/2018,9/25/2018,9/27/2018,"15228,115"
590,x 14599123731-03,8/28/2018,9/25/2018,9/27/2018,"6662,705"
150,x 80771218846-00,9/19/2018,9/22/2018,10/2/2018,"2217,145"
590,x 57767778949-09,9/4/2018,10/2/2018,10/2/2018,"1143,38"
590,x 75664985359-06,9/4/2018,10/2/2018,10/2/2018,"10066,735"
590,x 61586581630-06,9/4/2018,10/2/2018,10/2/2018,"3869,705"
590,x 39315597929-00,9/6/2018,9/6/2018,10/2/2018,"8818,04"
98,x 80771218846-00,10/3/2018,10/3/2018,10/3/2018,"38148,18"
98,x 86791017985-09,10/3/2018,10/3/2018,10/4/2018,"37748,62"
590,x 25497925389-08,9/6/2018,10/4/2018,10/4/2018,"8377,075"
590,x 10641176832-10,9/6/2018,9/6/2018,10/4/2018,"8720,81"
346,x 14057272557-06,9/25/2018,9/28/2018,10/5/2018,"1895,39"
424,x 50292624232-07,10/6/2018,10/6/2018,10/6/2018,"91697,935"
576,x 41541621975-04,10/6/2018,10/6/2018,10/6/2018,300118
590,x 75664985359-06,9/11/2018,10/9/2018,10/9/2018,"7082,705"
590,x 95230728368-03,9/11/2018,10/9/2018,10/9/2018,"3045,63"
346,x 64252401479-03,10/5/2018,10/9/2018,10/11/2018,"1462,16"
590,x 77167377617-02,9/18/2018,10/16/2018,10/16/2018,"2380,07"
78,x 77167377617-02,10/18/2018,10/18/2018,10/18/2018,"6360,585"
150,x 22208151256-06,10/18/2018,10/18/2018,10/18/2018,"8056,65"
169,x 32439935907-10,8/1/2018,10/19/2018,10/19/2018,"249995,2"
9,x 25497925389-08,10/20/2018,10/20/2018,10/20/2018,"32327,085"
9,x 61586581630-06,10/20/2018,10/20/2018,10/20/2018,"29011,465"
9,x 41541621975-04,10/20/2018,10/20/2018,10/20/2018,"28703,605"
590,x 95230728368-03,9/25/2018,10/30/2018,10/23/2018,"6932,45"
590,x 86791017985-09,10/2/2018,10/23/2018,10/23/2018,"2924,985"
575,x 64252401479-03,9/25/2018,10/25/2018,10/25/2018,"4807,39"
570,x 86791017985-09,9/26/2018,10/26/2018,10/26/2018,"27883,03"
4,x 26759470396-10,10/27/2018,10/27/2018,10/27/2018,"52366,58"
9,x 41541621975-04,10/27/2018,10/27/2018,10/27/2018,"47653,235"
590,x 77167377617-02,9/25/2018,10/30/2018,10/30/2018,"3047,205"
590,x 80771218846-00,10/2/2018,10/30/2018,10/30/2018,"3205,265"
590,x 41541621975-04,10/2/2018,10/30/2018,10/30/2018,"5973,205"
587,x 64252401479-03,10/26/2018,11/6/2018,10/31/2018,0
590,x 41541621975-04,10/6/2018,11/10/2018,11/3/2018,"9067,975"
561,x 14057272557-06,10/23/2018,11/6/2018,11/6/2018,"308503,685"
563,x 77167377617-02,10/6/2018,11/6/2018,11/6/2018,"21190,155"
570,x 22208151256-06,10/6/2018,11/6/2018,11/6/2018,"4711,42"
590,x 64252401479-03,10/9/2018,11/6/2018,11/6/2018,"6865,775"
590,x 32439935907-10,10/9/2018,11/6/2018,11/6/2018,"3077,655"
604,x 10859524552-06,10/10/2018,11/9/2018,11/9/2018,"978,985"
78,x 22208151256-06,11/8/2018,11/13/2018,11/10/2018,"3254,195"
346,x 61586581630-06,11/8/2018,11/13/2018,11/10/2018,"3395,385"
590,x 10641176832-10,10/16/2018,11/13/2018,11/13/2018,"3166,24"
9,x 80771218846-00,11/17/2018,11/17/2018,11/17/2018,"20083,105"
150,x 86791017985-09,11/17/2018,11/17/2018,11/17/2018,"12993,12"
429,x 63718177635-06,11/16/2018,11/20/2018,11/17/2018,"235,06"
579,x 80771218846-00,10/18/2018,11/17/2018,11/17/2018,"11134,97"
169,x 50292624232-07,8/1/2018,11/20/2018,11/20/2018,252399
427,x 57767778949-09,11/9/2018,11/13/2018,11/20/2018,"412,685"
9,x 14057272557-06,11/20/2018,11/23/2018,11/24/2018,"7889,7"
570,x 10641176832-10,9/26/2018,11/27/2018,11/27/2018,"28192,605"
570,x 26759470396-10,10/31/2018,11/29/2018,11/28/2018,"18300,38"
575,x 14057272557-06,10/25/2018,11/29/2018,11/28/2018,"3030,02"
150,x 14599123731-03,11/28/2018,12/1/2018,12/1/2018,"1572,165"
346,x 61586581630-06,12/1/2018,12/1/2018,12/1/2018,"2219,56"
575,x 14599123731-03,10/30/2018,12/4/2018,12/4/2018,"10147,34"
590,x 94994947160-08,10/30/2018,12/4/2018,12/4/2018,"11464,565"
590,x 14057272557-06,10/30/2018,12/4/2018,12/4/2018,"6599,145"
590,x 25497925389-08,10/30/2018,12/4/2018,12/4/2018,"3017,35"
590,x 14599123731-03,11/6/2018,12/4/2018,12/4/2018,"10421,355"
561,x 75664985359-06,11/21/2018,12/5/2018,12/5/2018,"325989,02"
563,x 26759470396-10,10/6/2018,12/5/2018,12/5/2018,"22255,66"
590,x 29486015020-04,11/7/2018,12/12/2018,12/5/2018,"8378,79"
150,x 32439935907-10,12/6/2018,12/11/2018,12/6/2018,"8413,86"
608,x 32439935907-10,2/15/2018,12/13/2018,12/7/2018,"13397,475"
608,x 95230728368-03,4/12/2018,12/13/2018,12/7/2018,"10758,825"
570,x 10859524552-06,11/10/2018,12/11/2018,12/11/2018,"34449,345"
587,x 80771218846-00,11/13/2018,12/11/2018,12/11/2018,"54346,18"
587,x 10641176832-10,11/13/2018,12/11/2018,12/11/2018,"37314,655"
587,x 10859524552-06,11/13/2018,12/11/2018,12/11/2018,"54835,27"
590,x 75664985359-06,11/11/2018,12/11/2018,12/11/2018,"9158,66"
590,x 39315597929-00,11/13/2018,12/11/2018,12/11/2018,"6219,5"
428,x 14057272557-06,11/20/2018,12/1/2018,12/12/2018,"11231,675"
579,x 77167377617-02,10/18/2018,12/18/2018,12/18/2018,"12701,43"
590,x 10641176832-10,11/20/2018,12/18/2018,12/18/2018,"7375,55"
590,x 39315597929-00,11/20/2018,12/18/2018,12/18/2018,"3499,51"
346,x 61586581630-06,12/12/2018,12/15/2018,12/20/2018,"1114,715"
9,x 26759470396-10,12/12/2018,12/15/2018,12/21/2018,"13455,085"
78,x 61320183682-00,12/12/2018,12/15/2018,12/21/2018,"2340,695"
346,x 86791017985-09,12/21/2018,12/26/2018,12/21/2018,"2729,09"
425,x 25455392583-10,12/20/2018,12/26/2018,12/21/2018,"2079,14"
430,x 25455392583-10,12/21/2018,12/26/2018,12/21/2018,"7146,895"
150,x 39315597929-00,12/20/2018,12/26/2018,12/22/2018,"5616,94"
427,x 25455392583-10,12/22/2018,12/26/2018,12/22/2018,"5650,505"
590,x 10641176832-10,11/27/2018,12/26/2018,12/26/2018,"9415,875"
590,x 39315597929-00,11/27/2018,12/26/2018,12/26/2018,"3171,315"
590,x 61320183682-00,12/6/2018,12/26/2018,12/26/2018,"8806,28"
561,x 25497925389-08,12/19/2018,1/2/2019,1/2/2019,"341987,52"
579,x 61320183682-00,12/7/2018,1/8/2019,1/8/2019,"11795,245"
590,x 57767778949-09,12/11/2018,1/8/2019,1/8/2019,"6599,145"
590,x 39315597929-00,12/11/2018,1/8/2019,1/8/2019,"7454,895"
150,x 63718177635-06,1/8/2019,1/11/2019,1/12/2019,"3881,885"
587,x 75664985359-06,12/15/2018,1/12/2019,1/12/2019,"37276,96"
569,x 26759470396-10,12/15/2018,1/15/2019,1/15/2019,"1590,085"
587,x 10641176832-10,12/18/2018,1/15/2019,1/15/2019,"323,295"
597,x 63718177635-06,12/26/2018,1/16/2019,1/16/2019,"30563,75"
587,x 39315597929-00,12/20/2018,1/17/2019,1/17/2019,"7708,82"
590,x 25455392583-10,12/20/2018,1/17/2019,1/17/2019,"8958,81"
78,x 29486015020-04,1/19/2019,1/19/2019,1/19/2019,"3318,665"
587,x 41541621975-04,12/22/2018,1/19/2019,1/19/2019,"720,825"
150,x 26759470396-10,1/26/2019,1/26/2019,1/26/2019,"13543,88"
346,x 63718177635-06,1/19/2019,1/22/2019,1/26/2019,"287,91"
604,x 14599123731-03,12/29/2018,1/29/2019,1/29/2019,"12335,96"
575,x 10641176832-10,12/22/2018,1/31/2019,1/31/2019,"20997,76"
575,x 86791017985-09,12/27/2018,1/31/2019,1/31/2019,"1544,48"
579,x 10859524552-06,12/7/2018,2/5/2019,2/5/2019,"11227,72"
590,x 61586581630-06,1/6/2019,2/5/2019,2/5/2019,"8697,045"
590,x 39315597929-00,1/8/2019,2/5/2019,2/5/2019,"6096,37"
590,x 77167377617-02,1/8/2019,2/5/2019,2/5/2019,"4480,455"
346,x 57767778949-09,1/31/2019,2/5/2019,2/6/2019,"814,1"
587,x 10641176832-10,1/10/2019,2/7/2019,2/7/2019,"323,89"
429,x 14057272557-06,1/31/2019,2/5/2019,2/9/2019,"2234,855"
432,x 61320183682-00,1/31/2019,2/5/2019,2/9/2019,"1707,3"
433,x 77167377617-02,2/7/2019,2/14/2019,2/9/2019,"883,19"
597,x 39315597929-00,1/19/2019,2/9/2019,2/9/2019,"96427,905"
425,x 94994947160-08,2/7/2019,2/14/2019,2/14/2019,"1662,185"
570,x 61586581630-06,1/9/2019,2/14/2019,2/14/2019,"27596,8"
427,x 80771218846-00,2/14/2019,2/16/2019,2/16/2019,"205,975"
587,x 63718177635-06,1/22/2019,2/19/2019,2/19/2019,"38396,61"
590,x 10641176832-10,1/22/2019,2/19/2019,2/19/2019,"5700,31"
575,x 41541621975-04,1/16/2019,2/20/2019,2/20/2019,"1088,395"
587,x 61586581630-06,1/25/2019,2/22/2019,2/22/2019,"68445,65"
575,x 10641176832-10,1/24/2019,2/23/2019,2/23/2019,"20959,47"
570,x 10859524552-06,1/23/2019,2/26/2019,2/26/2019,"4607,155"
587,x 22208151256-06,1/30/2019,2/27/2019,2/27/2019,"3823,82"
604,x 32439935907-10,12/29/2018,2/27/2019,2/27/2019,"13635,23"
579,x 41541621975-04,1/29/2019,2/28/2019,2/28/2019,"14236,495"
432,x 61320183682-00,2/23/2019,3/2/2019,3/2/2019,"1758,015"
434,x 32439935907-10,2/23/2019,3/2/2019,3/2/2019,"1386,63"
575,x 61320183682-00,1/26/2019,3/2/2019,3/2/2019,"11510,38"
608,x 22208151256-06,2/20/2019,3/5/2019,3/5/2019,"11502,225"
626,x 29486015020-04,2/1/2019,3/5/2019,3/5/2019,"10352,545"
579,x 25455392583-10,12/7/2018,3/7/2019,3/7/2019,"11123,525"
590,x 29486015020-04,2/7/2019,3/7/2019,3/7/2019,"7715,4"
590,x 61320183682-00,2/8/2019,3/8/2019,3/8/2019,"3545,045"
590,x 25455392583-10,2/8/2019,3/8/2019,3/8/2019,"11190,27"
590,x 14057272557-06,2/8/2019,3/8/2019,3/8/2019,"19385,205"
150,x 39315597929-00,3/7/2019,3/12/2019,3/9/2019,"13801,27"
587,x 61586581630-06,2/9/2019,3/9/2019,3/9/2019,"38837,715"
435,x 41541621975-04,3/6/2019,3/16/2019,3/12/2019,"370,09"
579,x 77167377617-02,2/6/2019,3/14/2019,3/13/2019,"10848,425"
590,x 86791017985-09,2/14/2019,3/19/2019,3/14/2019,"8117,27"
626,x 14599123731-03,2/7/2019,3/14/2019,3/14/2019,"30080,82"
150,x 25455392583-10,3/14/2019,3/19/2019,3/19/2019,"12322,345"
150,x 80771218846-00,3/14/2019,3/19/2019,3/19/2019,"13777,505"
443,x 61586581630-06,3/15/2019,3/19/2019,3/19/2019,"641,2"
561,x 14599123731-03,3/5/2019,3/19/2019,3/19/2019,"316118,915"
533,x 10641176832-10,3/17/2019,3/20/2019,3/20/2019,"674,31"
440,x 77167377617-02,3/18/2019,3/21/2019,3/21/2019,"230,86"
444,x 86791017985-09,3/18/2019,3/21/2019,3/21/2019,"1519,77"
447,x 50292624232-07,3/18/2019,3/21/2019,3/21/2019,"2720,83"
450,x 39315597929-00,3/18/2019,3/21/2019,3/21/2019,"532,35"
455,x 22208151256-06,3/18/2019,3/21/2019,3/21/2019,"60,865"
587,x 63718177635-06,2/21/2019,3/21/2019,3/21/2019,"41,51"
150,x 80771218846-00,3/22/2019,3/22/2019,3/22/2019,"12884,095"
590,x 86791017985-09,2/22/2019,3/22/2019,3/22/2019,"17717,945"
9,x 39315597929-00,3/20/2019,3/23/2019,3/23/2019,"45870,58"
590,x 22208151256-06,3/7/2019,3/28/2019,3/27/2019,"8197,63"
457,x 95230728368-03,3/28/2019,4/2/2019,3/28/2019,"1644,965"
46,x 29486015020-04,3/24/2019,3/29/2019,3/29/2019,"517,545"
150,x 61586581630-06,3/28/2019,3/29/2019,3/29/2019,"5366,795"
346,x 26759470396-10,3/23/2019,3/26/2019,3/29/2019,"1364,79"
450,x 63718177635-06,3/26/2019,3/29/2019,3/29/2019,"140,175"
452,x 14057272557-06,3/29/2019,3/29/2019,3/29/2019,"1416,765"
455,x 39315597929-00,3/28/2019,3/29/2019,3/29/2019,"1455,3"
425,x 25455392583-10,3/28/2019,4/2/2019,4/2/2019,"1799,28"
440,x 25455392583-10,4/2/2019,4/2/2019,4/2/2019,"7406,245"
443,x 10859524552-06,4/2/2019,4/2/2019,4/2/2019,"3179,4"
445,x 61586581630-06,3/31/2019,4/2/2019,4/2/2019,"7443,87"
454,x 57767778949-09,4/2/2019,4/2/2019,4/2/2019,"6848,205"
533,x 26759470396-10,3/23/2019,4/2/2019,4/2/2019,"539,56"
570,x 14057272557-06,2/22/2019,4/2/2019,4/2/2019,"22142,05"
575,x 80771218846-00,2/19/2019,4/2/2019,4/2/2019,"34603,59"
579,x 10641176832-10,1/29/2019,4/2/2019,4/2/2019,"13794,48"
590,x 61586581630-06,3/5/2019,4/2/2019,4/2/2019,"3507,77"
238,x 80771218846-00,4/3/2019,4/3/2019,4/3/2019,"803,355"
441,x 80771218846-00,3/15/2019,4/6/2019,4/3/2019,"1767,43"
451,x 50292624232-07,4/3/2019,4/3/2019,4/3/2019,"542,465"
459,x 50292624232-07,4/2/2019,4/3/2019,4/3/2019,"2708,895"
461,x 57767778949-09,3/31/2019,4/3/2019,4/3/2019,"10015,95"
441,x 61586581630-06,3/15/2019,4/6/2019,4/4/2019,"1715,98"
575,x 41541621975-04,2/22/2019,4/4/2019,4/4/2019,"4190,095"
604,x 22208151256-06,2/23/2019,4/4/2019,4/4/2019,"3044,93"
150,x 39315597929-00,4/6/2019,4/6/2019,4/6/2019,"11502,435"
433,x 14599123731-03,3/23/2019,4/6/2019,4/6/2019,"4856,215"
587,x 41541621975-04,3/9/2019,4/6/2019,4/6/2019,"37299,57"
442,x 25455392583-10,3/26/2019,4/9/2019,4/9/2019,"961,415"
462,x 64252401479-03,4/4/2019,4/9/2019,4/9/2019,"444,22"
575,x 25455392583-10,3/2/2019,4/10/2019,4/10/2019,"12901,35"
590,x 63718177635-06,3/14/2019,4/11/2019,4/11/2019,"17480,435"
430,x 14057272557-06,4/13/2019,4/13/2019,4/13/2019,"4146,835"
425,x 86791017985-09,4/10/2019,4/16/2019,4/16/2019,"1731,45"
575,x 32439935907-10,3/6/2019,4/16/2019,4/16/2019,"27058,57"
456,x 57767778949-09,3/27/2019,4/17/2019,4/17/2019,"680,47"
575,x 50292624232-07,3/10/2019,4/19/2019,4/19/2019,"915,355"
533,x 39315597929-00,4/23/2019,4/23/2019,4/23/2019,"1139,145"
587,x 26759470396-10,3/12/2019,4/23/2019,4/23/2019,"30790,305"
626,x 86791017985-09,3/8/2019,4/23/2019,4/23/2019,"13513,955"
590,x 77167377617-02,3/27/2019,4/24/2019,4/24/2019,"12386,675"
150,x 25497925389-08,4/24/2019,4/27/2019,4/26/2019,"12252,8"
425,x 10859524552-06,4/25/2019,4/30/2019,4/26/2019,"3556,455"
441,x 63718177635-06,4/12/2019,4/27/2019,4/26/2019,"182,07"
346,x 61586581630-06,4/27/2019,4/27/2019,4/27/2019,"1903,895"
425,x 61586581630-06,4/25/2019,4/30/2019,4/27/2019,"1690,045"
432,x 80771218846-00,4/27/2019,4/27/2019,4/27/2019,"7858,55"
439,x 63718177635-06,4/20/2019,4/27/2019,4/27/2019,"785,015"
453,x 14599123731-03,4/20/2019,4/27/2019,4/27/2019,"402,85"
455,x 14599123731-03,4/27/2019,4/27/2019,4/27/2019,"1139,88"
459,x 57767778949-09,4/20/2019,4/27/2019,4/27/2019,"173,6"
533,x 80771218846-00,4/20/2019,4/27/2019,4/27/2019,"1165,185"
570,x 77167377617-02,3/21/2019,4/30/2019,4/30/2019,"17656,24"
587,x 25497925389-08,3/21/2019,4/30/2019,4/30/2019,"244,265"
590,x 77167377617-02,4/2/2019,4/30/2019,4/30/2019,"7817,355"
440,x 22208151256-06,5/3/2019,5/3/2019,5/3/2019,"7707,175"
590,x 75664985359-06,4/6/2019,5/4/2019,5/4/2019,"8443,645"
452,x 63718177635-06,5/3/2019,5/7/2019,5/7/2019,"2891,49"
604,x 29486015020-04,4/6/2019,5/7/2019,5/7/2019,"18918,13"
587,x 61586581630-06,4/10/2019,5/8/2019,5/8/2019,"34023,5"
590,x 41541621975-04,4/10/2019,5/8/2019,5/8/2019,"33452,265"
9,x 25497925389-08,4/27/2019,4/30/2019,5/9/2019,"11567,185"
9,x 61320183682-00,4/27/2019,4/30/2019,5/9/2019,"6212,045"
238,x 63718177635-06,5/9/2019,5/9/2019,5/9/2019,"818,3"
425,x 25497925389-08,5/4/2019,5/7/2019,5/9/2019,"1695,75"
426,x 63718177635-06,4/28/2019,5/2/2019,5/9/2019,"2299,955"
451,x 41541621975-04,5/9/2019,5/9/2019,5/9/2019,"232,295"
454,x 80771218846-00,4/20/2019,5/4/2019,5/9/2019,"153,055"
454,x 75664985359-06,4/30/2019,5/4/2019,5/9/2019,"7122,15"
457,x 32439935907-10,4/26/2019,4/30/2019,5/9/2019,"1242,815"
459,x 95230728368-03,4/28/2019,5/2/2019,5/9/2019,"1812,51"
442,x 39315597929-00,4/25/2019,5/4/2019,5/10/2019,"493,99"
439,x 41541621975-04,5/11/2019,5/14/2019,5/14/2019,"1771,035"
460,x 14057272557-06,5/14/2019,5/17/2019,5/14/2019,0
570,x 86791017985-09,4/13/2019,5/14/2019,5/14/2019,"838,845"
587,x 61586581630-06,4/2/2019,5/14/2019,5/14/2019,"1968,82"
150,x 25455392583-10,5/14/2019,5/17/2019,5/16/2019,"6940,36"
218,x 32439935907-10,5/16/2019,5/16/2019,5/16/2019,"1725,325"
444,x 25455392583-10,4/26/2019,4/30/2019,5/16/2019,"709,135"
446,x 26759470396-10,5/9/2019,5/16/2019,5/16/2019,"282,8"
448,x 64252401479-03,4/28/2019,5/2/2019,5/16/2019,"335,545"
459,x 61586581630-06,5/11/2019,5/14/2019,5/16/2019,"401,205"
533,x 41541621975-04,5/14/2019,5/16/2019,5/16/2019,"1090,25"
575,x 86791017985-09,4/6/2019,5/16/2019,5/16/2019,"6108,655"
561,x 94994947160-08,4/20/2019,5/21/2019,5/21/2019,"638780,52"
570,x 77167377617-02,4/12/2019,5/21/2019,5/21/2019,"23317,14"
575,x 10641176832-10,4/10/2019,5/21/2019,5/21/2019,"9051,91"
590,x 50292624232-07,4/23/2019,5/21/2019,5/21/2019,"17997,84"
240,x 10641176832-10,5/24/2019,5/24/2019,5/24/2019,"7500,255"
9,x 50292624232-07,5/18/2019,5/21/2019,5/25/2019,"18793,32"
150,x 26759470396-10,5/21/2019,5/24/2019,5/25/2019,"4257,19"
430,x 29486015020-04,5/25/2019,5/25/2019,5/25/2019,"2565,22"
570,x 39315597929-00,4/25/2019,5/25/2019,5/25/2019,"2302,825"
88,x 86791017985-09,5/22/2019,6/1/2019,5/28/2019,"13318,62"
129,x 64252401479-03,5/21/2019,5/30/2019,5/28/2019,"31334,03"
165,x 41541621975-04,5/21/2019,5/30/2019,5/28/2019,"23201,045"
240,x 22208151256-06,5/28/2019,6/1/2019,5/28/2019,"4807,915"
242,x 29486015020-04,5/21/2019,5/24/2019,5/28/2019,"3382,33"
346,x 39315597929-00,5/21/2019,5/24/2019,5/28/2019,"2522,975"
358,x 64252401479-03,5/22/2019,5/25/2019,5/28/2019,"433,23"
432,x 75664985359-06,5/16/2019,5/21/2019,5/28/2019,"764,505"
455,x 25455392583-10,5/28/2019,5/28/2019,5/28/2019,"1035,685"
459,x 57767778949-09,5/21/2019,5/24/2019,5/28/2019,"120,995"
575,x 77167377617-02,4/19/2019,5/29/2019,5/29/2019,"15160,6"
561,x 64252401479-03,4/30/2019,5/30/2019,5/30/2019,"665839,545"
29,x 39315597929-00,6/1/2019,6/1/2019,6/1/2019,"35008,085"
254,x 61586581630-06,5/28/2019,6/1/2019,6/1/2019,"6997,2"
440,x 61320183682-00,5/28/2019,6/1/2019,6/1/2019,"7646,94"
463,x 25455392583-10,5/22/2019,6/4/2019,6/4/2019,"11322,815"
570,x 63718177635-06,4/24/2019,6/4/2019,6/4/2019,"12497,275"
579,x 14599123731-03,4/19/2019,6/4/2019,6/4/2019,"2264,64"
590,x 32439935907-10,5/7/2019,6/4/2019,6/4/2019,"8955,38"
590,x 50292624232-07,5/7/2019,6/4/2019,6/4/2019,"6872,39"
604,x 61586581630-06,4/6/2019,6/5/2019,6/5/2019,"17322,55"
349,x 61320183682-00,5/25/2019,5/28/2019,6/6/2019,"415,45"
150,x 10641176832-10,5/21/2019,6/7/2019,6/7/2019,"20126,82"
587,x 75664985359-06,5/11/2019,6/8/2019,6/8/2019,"38441,865"
465,x 94994947160-08,5/25/2019,5/28/2019,6/11/2019,"401,975"
587,x 50292624232-07,5/2/2019,6/11/2019,6/11/2019,"54723,375"
590,x 25497925389-08,5/14/2019,6/11/2019,6/11/2019,"8699,53"
29,x 61320183682-00,5/29/2019,6/1/2019,6/14/2019,"6443,85"
150,x 95230728368-03,6/14/2019,6/14/2019,6/14/2019,"4747,61"
218,x 25497925389-08,5/29/2019,6/1/2019,6/14/2019,"1476,545"
238,x 86791017985-09,6/14/2019,6/14/2019,6/14/2019,"2981,055"
254,x 63718177635-06,6/4/2019,6/7/2019,6/14/2019,"695,975"
358,x 32439935907-10,6/14/2019,6/14/2019,6/14/2019,"1269,905"
439,x 63718177635-06,6/4/2019,6/14/2019,6/14/2019,"2003,995"
448,x 94994947160-08,6/12/2019,6/15/2019,6/14/2019,"107,205"
451,x 10641176832-10,6/14/2019,6/14/2019,6/14/2019,"428,085"
454,x 63718177635-06,6/14/2019,6/14/2019,6/14/2019,"7028,42"
459,x 14057272557-06,6/4/2019,6/7/2019,6/14/2019,"1080,45"
464,x 61320183682-00,6/14/2019,6/14/2019,6/14/2019,"12209,12"
533,x 10641176832-10,5/29/2019,6/14/2019,6/14/2019,"761,46"
579,x 26759470396-10,5/16/2019,6/15/2019,6/15/2019,"1351,315"
432,x 75664985359-06,6/14/2019,6/18/2019,6/18/2019,"613,34"
570,x 63718177635-06,5/7/2019,6/18/2019,6/18/2019,"16125,935"
587,x 77167377617-02,5/10/2019,6/19/2019,6/19/2019,"10901,1"
575,x 57767778949-09,5/11/2019,6/20/2019,6/20/2019,"25991,07"
29,x 14599123731-03,6/21/2019,6/25/2019,6/21/2019,"6144,285"
150,x 95230728368-03,6/21/2019,6/21/2019,6/21/2019,"21333,41"
238,x 22208151256-06,6/15/2019,6/18/2019,6/21/2019,"1148,35"
240,x 32439935907-10,6/18/2019,6/21/2019,6/21/2019,"5416,215"
242,x 25497925389-08,6/18/2019,6/21/2019,6/21/2019,"7596,82"
346,x 64252401479-03,6/14/2019,6/18/2019,6/21/2019,"4485,565"
410,x 94994947160-08,6/21/2019,6/25/2019,6/21/2019,"2841,93"
425,x 10859524552-06,6/14/2019,6/18/2019,6/21/2019,"1644,86"
430,x 14057272557-06,6/18/2019,6/21/2019,6/21/2019,"2062,97"
440,x 75664985359-06,6/18/2019,6/21/2019,6/21/2019,"735,7"
563,x 22208151256-06,5/22/2019,6/21/2019,6/21/2019,"2758,245"
575,x 10859524552-06,5/10/2019,6/21/2019,6/21/2019,"1767,15"
442,x 75664985359-06,6/21/2019,6/22/2019,6/22/2019,"910,42"
446,x 64252401479-03,6/18/2019,6/22/2019,6/22/2019,"182,84"
533,x 77167377617-02,6/14/2019,6/22/2019,6/22/2019,"784,49"
575,x 25455392583-10,5/15/2019,6/25/2019,6/25/2019,"1163,26"
587,x 64252401479-03,5/17/2019,6/26/2019,6/26/2019,"121,31"
78,x 10641176832-10,6/20/2019,6/28/2019,6/28/2019,"87633,56"
79,x 50292624232-07,6/19/2019,6/28/2019,6/28/2019,"18159,225"
94,x 75664985359-06,6/19/2019,6/28/2019,6/28/2019,"10292,59"
112,x 10641176832-10,6/19/2019,6/28/2019,6/28/2019,"45217,55"
142,x 50292624232-07,6/19/2019,6/28/2019,6/28/2019,"21087,85"
177,x 29486015020-04,6/19/2019,6/28/2019,6/28/2019,"28487,935"
337,x 77167377617-02,6/19/2019,6/28/2019,6/28/2019,"15272,11"
390,x 61320183682-00,6/19/2019,6/28/2019,6/28/2019,"17051,055"
466,x 75664985359-06,6/19/2019,6/28/2019,6/28/2019,"13908,79"
467,x 14057272557-06,6/19/2019,6/28/2019,6/28/2019,"10201,975"
468,x 77167377617-02,6/19/2019,6/28/2019,6/28/2019,"16526,405"
470,x 39315597929-00,6/19/2019,6/28/2019,6/28/2019,"16479,015"
471,x 14599123731-03,6/21/2019,6/28/2019,6/28/2019,"10955,21"
472,x 57767778949-09,6/19/2019,6/28/2019,6/28/2019,"12705,14"
473,x 10641176832-10,6/19/2019,6/28/2019,6/28/2019,"11286,59"
474,x 25497925389-08,6/19/2019,6/28/2019,6/28/2019,"20228,53"
476,x 75664985359-06,6/20/2019,6/28/2019,6/28/2019,"27944,63"
477,x 32439935907-10,6/20/2019,6/28/2019,6/28/2019,"13287,505"
478,x 32439935907-10,6/20/2019,6/28/2019,6/28/2019,"16889,18"
65,x 57767778949-09,6/28/2019,7/5/2019,6/29/2019,"563,255"
346,x 61320183682-00,6/26/2019,7/3/2019,6/29/2019,"5731,075"
442,x 61320183682-00,6/26/2019,6/29/2019,6/29/2019,"515,69"
447,x 14599123731-03,6/26/2019,6/29/2019,6/29/2019,"749,21"
451,x 25455392583-10,6/29/2019,6/29/2019,6/29/2019,"587,125"
454,x 75664985359-06,6/26/2019,6/29/2019,6/29/2019,"6850,83"
464,x 77167377617-02,6/29/2019,6/29/2019,6/29/2019,"6505,555"
570,x 10641176832-10,5/23/2019,7/2/2019,7/2/2019,"10322,2"
587,x 10859524552-06,5/23/2019,7/2/2019,7/2/2019,"261,695"
590,x 32439935907-10,6/6/2019,7/4/2019,7/4/2019,"8699,53"
90,x 61586581630-06,6/19/2019,7/5/2019,7/5/2019,"47473,16"
169,x 41541621975-04,6/19/2019,7/5/2019,7/5/2019,"12823,09"
438,x 86791017985-09,6/19/2019,7/5/2019,7/5/2019,"16507,575"
475,x 75664985359-06,6/21/2019,7/5/2019,7/5/2019,"13149,08"
563,x 63718177635-06,6/5/2019,7/5/2019,7/5/2019,"1993,985"
570,x 29486015020-04,6/5/2019,7/5/2019,7/5/2019,2422
575,x 25455392583-10,5/28/2019,7/5/2019,7/5/2019,"3845,31"
6,x 41541621975-04,7/3/2019,7/10/2019,7/6/2019,"3105,48"
358,x 10641176832-10,7/9/2019,7/9/2019,7/9/2019,"7733,215"
440,x 32439935907-10,7/2/2019,7/9/2019,7/9/2019,"7796,88"
442,x 86791017985-09,7/2/2019,7/9/2019,7/9/2019,"459,865"
464,x 95230728368-03,7/2/2019,7/9/2019,7/9/2019,"5023,27"
587,x 77167377617-02,6/11/2019,7/9/2019,7/9/2019,"39599,21"
590,x 39315597929-00,6/11/2019,7/9/2019,7/9/2019,"11416,335"
254,x 94994947160-08,7/10/2019,7/10/2019,7/10/2019,"13976,34"
455,x 75664985359-06,7/10/2019,7/10/2019,7/10/2019,"197,26"
459,x 41541621975-04,7/3/2019,7/10/2019,7/10/2019,"2130,1"
464,x 14057272557-06,6/29/2019,7/10/2019,7/10/2019,"7068,6"
218,x 94994947160-08,7/4/2019,7/11/2019,7/11/2019,"1823,64"
238,x 77167377617-02,7/3/2019,7/10/2019,7/11/2019,"129,99"
242,x 39315597929-00,7/3/2019,7/11/2019,7/11/2019,"34553,61"
433,x 14057272557-06,7/3/2019,7/11/2019,7/11/2019,"1768,41"
444,x 10641176832-10,7/3/2019,7/10/2019,7/11/2019,"4663,33"
448,x 77167377617-02,7/3/2019,7/10/2019,7/11/2019,"291,865"
479,x 41541621975-04,6/29/2019,7/10/2019,7/11/2019,"8019,62"
480,x 77167377617-02,7/2/2019,7/10/2019,7/11/2019,"261,345"
127,x 32439935907-10,6/19/2019,7/12/2019,7/12/2019,"20577,865"
469,x 39315597929-00,6/19/2019,7/12/2019,7/12/2019,"25319,945"
579,x 63718177635-06,5/16/2019,7/16/2019,7/16/2019,"1364,44"
496,x 75664985359-06,7/12/2019,7/17/2019,7/17/2019,18144
29,x 86791017985-09,7/18/2019,7/18/2019,7/18/2019,"69192,69"
242,x 32439935907-10,7/13/2019,7/18/2019,7/18/2019,"6017,34"
425,x 75664985359-06,7/11/2019,7/18/2019,7/18/2019,"1679,475"
430,x 77167377617-02,7/11/2019,7/18/2019,7/18/2019,"2132,76"
439,x 64252401479-03,7/11/2019,7/18/2019,7/18/2019,"1923,11"
446,x 95230728368-03,7/16/2019,7/18/2019,7/18/2019,"1179,92"
481,x 94994947160-08,7/10/2019,7/17/2019,7/18/2019,"7067,165"
494,x 26759470396-10,7/13/2019,7/20/2019,7/18/2019,"14026,88"
495,x 10859524552-06,7/18/2019,7/18/2019,7/18/2019,"65839,9"
461,x 50292624232-07,7/13/2019,7/20/2019,7/20/2019,"17412,01"
563,x 86791017985-09,5/22/2019,7/23/2019,7/23/2019,"2681,21"
575,x 39315597929-00,6/12/2019,7/23/2019,7/23/2019,"459,165"
575,x 26759470396-10,6/14/2019,7/23/2019,7/23/2019,"10058,79"
590,x 86791017985-09,6/25/2019,7/23/2019,7/23/2019,"28993,685"
9,x 94994947160-08,7/25/2019,7/25/2019,7/25/2019,"138939,745"
561,x 86791017985-09,6/25/2019,7/25/2019,7/25/2019,"775500,39"
570,x 80771218846-00,6/15/2019,7/25/2019,7/25/2019,"8011,78"
238,x 25455392583-10,7/18/2019,7/25/2019,7/27/2019,"326,725"
442,x 80771218846-00,7/11/2019,7/27/2019,7/27/2019,"233,135"
451,x 41541621975-04,7/27/2019,7/27/2019,7/27/2019,"402,955"
455,x 95230728368-03,7/11/2019,7/27/2019,7/27/2019,"54,215"
481,x 22208151256-06,7/3/2019,7/10/2019,7/27/2019,"4239,97"
494,x 86791017985-09,7/27/2019,7/27/2019,7/27/2019,"5157,845"
377,x 75664985359-06,7/16/2019,7/30/2019,7/30/2019,"25981,655"
501,x 32439935907-10,7/16/2019,7/30/2019,7/30/2019,"15033,97"
502,x 86791017985-09,7/16/2019,7/30/2019,7/30/2019,"20571,6"
587,x 94994947160-08,6/19/2019,7/30/2019,7/30/2019,"72793,805"
587,x 25497925389-08,6/20/2019,7/30/2019,7/30/2019,"22964,55"
587,x 25455392583-10,6/20/2019,7/30/2019,7/31/2019,0
587,x 10641176832-10,6/21/2019,7/31/2019,7/31/2019,"15964,69"
590,x 26759470396-10,7/3/2019,7/31/2019,7/31/2019,"3995,67"
590,x 29486015020-04,7/3/2019,7/31/2019,7/31/2019,"2264,465"
81,x 22208151256-06,7/16/2019,8/2/2019,8/2/2019,"10510,85"
353,x 14057272557-06,7/16/2019,8/2/2019,8/2/2019,"13427,61"
487,x 75664985359-06,7/23/2019,8/2/2019,8/2/2019,"5772,69"
488,x 41541621975-04,7/23/2019,8/2/2019,8/2/2019,"5539,45"
491,x 39315597929-00,7/23/2019,8/2/2019,8/2/2019,"5714,38"
492,x 29486015020-04,7/23/2019,8/2/2019,8/2/2019,"5769,19"
497,x 75664985359-06,7/16/2019,8/2/2019,8/2/2019,"10209,955"
498,x 77167377617-02,7/16/2019,8/2/2019,8/2/2019,"19869,92"
499,x 50292624232-07,7/16/2019,8/2/2019,8/2/2019,"14145,285"
500,x 80771218846-00,7/16/2019,8/2/2019,8/2/2019,"12996,235"
483,x 64252401479-03,7/23/2019,8/2/2019,8/3/2019,"6060,075"
484,x 10859524552-06,7/23/2019,8/2/2019,8/3/2019,"5949,405"
485,x 39315597929-00,7/23/2019,8/2/2019,8/3/2019,"5709,025"
486,x 86791017985-09,7/23/2019,8/2/2019,8/3/2019,"5935,125"
489,x 39315597929-00,7/24/2019,8/2/2019,8/3/2019,"5769,12"
490,x 22208151256-06,7/23/2019,8/2/2019,8/3/2019,"6251,07"
493,x 29486015020-04,7/23/2019,8/2/2019,8/3/2019,"5944,645"
590,x 29486015020-04,7/6/2019,8/3/2019,8/3/2019,"9351,93"
563,x 39315597929-00,6/5/2019,8/6/2019,8/6/2019,"2033,115"
6,x 63718177635-06,8/2/2019,8/9/2019,8/8/2019,"2100,945"
133,x 26759470396-10,8/8/2019,8/8/2019,8/8/2019,"8187,795"
150,x 77167377617-02,7/31/2019,8/7/2019,8/8/2019,"258,265"
218,x 26759470396-10,7/31/2019,8/7/2019,8/8/2019,"1286,215"
238,x 25455392583-10,7/31/2019,8/7/2019,8/8/2019,"331,45"
254,x 94994947160-08,7/31/2019,8/7/2019,8/8/2019,"6856,535"
358,x 25455392583-10,7/30/2019,8/6/2019,8/8/2019,"6785,835"
432,x 63718177635-06,7/31/2019,8/7/2019,8/8/2019,"592,655"
440,x 10641176832-10,7/30/2019,8/6/2019,8/8/2019,"7137,13"
442,x 50292624232-07,8/8/2019,8/8/2019,8/8/2019,"767,585"
446,x 22208151256-06,7/30/2019,8/8/2019,8/8/2019,"152,145"
448,x 50292624232-07,7/31/2019,8/7/2019,8/8/2019,"1825,04"
451,x 41541621975-04,8/8/2019,8/8/2019,8/8/2019,"362,81"
454,x 80771218846-00,7/30/2019,8/8/2019,8/8/2019,"7501,27"
455,x 22208151256-06,8/8/2019,8/8/2019,8/8/2019,"389,375"
459,x 77167377617-02,8/8/2019,8/8/2019,8/8/2019,"6303,36"
464,x 22208151256-06,8/8/2019,8/8/2019,8/8/2019,"9112,18"
481,x 80771218846-00,7/30/2019,8/6/2019,8/8/2019,"8275,61"
495,x 86791017985-09,8/3/2019,8/10/2019,8/8/2019,"18103,75"
495,x 64252401479-03,8/3/2019,8/10/2019,8/8/2019,"17556,945"
504,x 41541621975-04,8/8/2019,8/8/2019,8/8/2019,"2915,745"
444,x 39315597929-00,8/6/2019,8/9/2019,8/9/2019,"17342,115"
587,x 86791017985-09,7/12/2019,8/9/2019,8/9/2019,"36915,025"
447,x 50292624232-07,8/10/2019,8/10/2019,8/10/2019,"12298,02"
561,x 39315597929-00,7/11/2019,8/10/2019,8/10/2019,"1087492,49"
590,x 61586581630-06,7/16/2019,8/13/2019,8/13/2019,"14655,515"
461,x 10641176832-10,8/14/2019,8/14/2019,8/14/2019,"190408,855"
461,x 10641176832-10,8/14/2019,8/14/2019,8/14/2019,"3681,02"
461,x 64252401479-03,8/15/2019,8/15/2019,8/15/2019,"12666,15"
461,x 75664985359-06,8/15/2019,8/15/2019,8/15/2019,"473,305"
503,x 26759470396-10,7/16/2019,8/16/2019,8/15/2019,"22411,235"
587,x 95230728368-03,7/6/2019,8/15/2019,8/15/2019,"1371,44"
430,x 64252401479-03,8/9/2019,8/16/2019,8/16/2019,"2110,535"
479,x 86791017985-09,8/10/2019,8/10/2019,8/16/2019,"18161,465"
482,x 94994947160-08,8/15/2019,8/16/2019,8/16/2019,"6995,03"
495,x 77167377617-02,8/9/2019,8/16/2019,8/16/2019,"461,51"
513,x 14599123731-03,8/16/2019,8/16/2019,8/16/2019,"20446,37"
150,x 22208151256-06,8/14/2019,8/21/2019,8/17/2019,"8806,49"
461,x 29486015020-04,8/6/2019,8/17/2019,8/17/2019,"6022,66"
513,x 25497925389-08,8/17/2019,8/17/2019,8/17/2019,"3562,965"
513,x 26759470396-10,8/17/2019,8/17/2019,8/20/2019,"3288,88"
570,x 22208151256-06,7/10/2019,8/20/2019,8/20/2019,"22555,785"
29,x 86791017985-09,8/14/2019,8/21/2019,8/21/2019,"6997,2"
575,x 10641176832-10,7/13/2019,8/23/2019,8/23/2019,"14021,98"
65,x 57767778949-09,7/30/2019,8/24/2019,8/24/2019,"66,885"
150,x 63718177635-06,8/17/2019,8/24/2019,8/24/2019,"3695,23"
432,x 25455392583-10,8/20/2019,8/27/2019,8/27/2019,"409,15"
455,x 39315597929-00,8/27/2019,8/27/2019,8/27/2019,"768,425"
587,x 61320183682-00,7/18/2019,8/27/2019,8/27/2019,"1426,6"
590,x 29486015020-04,8/7/2019,8/27/2019,8/27/2019,"10132,01"
587,x 29486015020-04,7/20/2019,8/29/2019,8/29/2019,"53845,89"
65,x 94994947160-08,8/29/2019,8/30/2019,8/30/2019,"4492,18"
150,x 10859524552-06,8/27/2019,8/30/2019,8/30/2019,"8254,19"
238,x 29486015020-04,8/21/2019,8/30/2019,8/30/2019,"1403,185"
425,x 63718177635-06,8/22/2019,8/29/2019,8/30/2019,"1679,3"
439,x 22208151256-06,8/20/2019,8/30/2019,8/30/2019,"2074,87"
440,x 61586581630-06,8/28/2019,8/30/2019,8/30/2019,"7064,295"
451,x 22208151256-06,8/29/2019,8/30/2019,8/30/2019,"334,39"
454,x 14599123731-03,8/29/2019,8/30/2019,8/30/2019,"7615,265"
459,x 57767778949-09,8/20/2019,8/27/2019,8/30/2019,"856,38"
460,x 61320183682-00,8/23/2019,8/30/2019,8/30/2019,"18167,205"
480,x 14057272557-06,8/21/2019,8/28/2019,8/30/2019,"480,585"
504,x 95230728368-03,8/29/2019,8/30/2019,8/30/2019,"2199,75"
505,x 29486015020-04,8/15/2019,8/30/2019,8/30/2019,"15146,985"
506,x 86791017985-09,8/15/2019,8/30/2019,8/30/2019,"16700,075"
506,x 95230728368-03,8/15/2019,8/30/2019,8/30/2019,"19623,73"
507,x 63718177635-06,8/15/2019,8/30/2019,8/30/2019,"14785,995"
508,x 10859524552-06,8/15/2019,8/30/2019,8/30/2019,"28782,67"
508,x 10641176832-10,8/15/2019,8/30/2019,8/30/2019,"28782,67"
509,x 94994947160-08,8/15/2019,8/30/2019,8/30/2019,"15170,33"
510,x 77167377617-02,8/15/2019,8/30/2019,8/30/2019,"12956,93"
511,x 32439935907-10,8/15/2019,8/30/2019,8/30/2019,14931
512,x 94994947160-08,8/17/2019,8/30/2019,8/30/2019,"16937,9"
515,x 14599123731-03,8/27/2019,8/30/2019,8/30/2019,"3691,31"
590,x 22208151256-06,7/30/2019,8/31/2019,8/31/2019,"10855,705"
563,x 57767778949-09,8/3/2019,9/3/2019,9/3/2019,"3139,255"
587,x 61320183682-00,7/25/2019,9/3/2019,9/3/2019,"286,72"
593,x 25455392583-10,8/2/2019,9/3/2019,9/3/2019,"15106,455"
383,x 50292624232-07,8/15/2019,9/5/2019,9/5/2019,"17741,08"
561,x 10859524552-06,8/6/2019,9/5/2019,9/5/2019,"812239,96"
587,x 25455392583-10,7/27/2019,9/5/2019,9/5/2019,"1748,74"
9,x 14057272557-06,9/5/2019,9/6/2019,9/6/2019,"36921,535"
483,x 10641176832-10,8/17/2019,9/6/2019,9/6/2019,"5540,64"
484,x 41541621975-04,8/17/2019,9/6/2019,9/6/2019,"6247,5"
485,x 63718177635-06,8/17/2019,9/6/2019,9/6/2019,"5771,5"
485,x 32439935907-10,8/17/2019,9/6/2019,9/6/2019,"5826,24"
486,x 94994947160-08,8/17/2019,9/6/2019,9/6/2019,"5713,785"
487,x 39315597929-00,8/17/2019,9/6/2019,9/6/2019,"6372,45"
488,x 50292624232-07,8/21/2019,9/6/2019,9/6/2019,"3831,52"
489,x 57767778949-09,8/17/2019,9/6/2019,9/6/2019,"5826,24"
490,x 95230728368-03,8/17/2019,9/6/2019,9/6/2019,"5771,5"
491,x 50292624232-07,8/17/2019,9/6/2019,9/6/2019,"6067,215"
492,x 50292624232-07,8/17/2019,9/6/2019,9/6/2019,"5652,5"
493,x 57767778949-09,8/16/2019,9/6/2019,9/6/2019,"5889,31"
242,x 94994947160-08,8/29/2019,9/10/2019,9/10/2019,"41650,98"
448,x 61320183682-00,8/31/2019,9/10/2019,9/10/2019,"8309,385"
455,x 95230728368-03,8/31/2019,9/10/2019,9/10/2019,"224,385"
459,x 63718177635-06,8/31/2019,9/10/2019,9/10/2019,"1023,645"
575,x 25455392583-10,7/30/2019,9/10/2019,9/10/2019,"1041,845"
587,x 50292624232-07,8/1/2019,9/10/2019,9/10/2019,"593,6"
587,x 94994947160-08,8/10/2019,9/10/2019,9/10/2019,"39599,21"
590,x 75664985359-06,8/13/2019,9/10/2019,9/10/2019,"15057,525"
358,x 29486015020-04,9/4/2019,9/11/2019,9/11/2019,"6968,675"
570,x 77167377617-02,8/2/2019,9/11/2019,9/11/2019,"13813,73"
180,x 50292624232-07,9/12/2019,9/12/2019,9/12/2019,"41889,75"
410,x 14599123731-03,8/16/2019,9/13/2019,9/12/2019,"25191,39"
29,x 29486015020-04,9/13/2019,9/13/2019,9/13/2019,"17940,195"
150,x 10641176832-10,9/6/2019,9/13/2019,9/13/2019,"3056,76"
240,x 86791017985-09,9/13/2019,9/13/2019,9/13/2019,"5894,49"
254,x 22208151256-06,9/13/2019,9/13/2019,9/13/2019,"7508,095"
425,x 22208151256-06,9/6/2019,9/13/2019,9/13/2019,"1662,185"
430,x 57767778949-09,9/6/2019,9/13/2019,9/13/2019,"2242,975"
437,x 95230728368-03,9/13/2019,9/13/2019,9/13/2019,"72160,62"
455,x 77167377617-02,9/6/2019,9/13/2019,9/13/2019,"487,305"
464,x 50292624232-07,9/6/2019,9/13/2019,9/13/2019,"2856,63"
479,x 39315597929-00,9/13/2019,9/13/2019,9/13/2019,"13990,095"
482,x 26759470396-10,9/12/2019,9/13/2019,9/13/2019,"9328,375"
504,x 95230728368-03,9/13/2019,9/13/2019,9/13/2019,"9288,44"
516,x 14599123731-03,9/6/2019,9/13/2019,9/13/2019,"1600,34"
570,x 61586581630-06,8/4/2019,9/13/2019,9/13/2019,"18547,27"
6,x 25455392583-10,9/14/2019,9/21/2019,9/14/2019,"7831,845"
218,x 94994947160-08,9/11/2019,9/18/2019,9/14/2019,"2188,41"
93,x 95230728368-03,9/17/2019,9/17/2019,9/17/2019,"52571,365"
157,x 50292624232-07,9/17/2019,9/17/2019,9/17/2019,"11858,875"
342,x 77167377617-02,9/17/2019,9/17/2019,9/17/2019,"30050,965"
381,x 86791017985-09,9/17/2019,9/17/2019,9/17/2019,"32880,995"
382,x 75664985359-06,9/17/2019,9/17/2019,9/17/2019,"29546,44"
411,x 39315597929-00,9/17/2019,9/17/2019,9/17/2019,"46308,255"
467,x 10641176832-10,9/14/2019,9/17/2019,9/17/2019,"27154,12"
517,x 95230728368-03,9/17/2019,9/17/2019,9/17/2019,"23560,915"
519,x 77167377617-02,9/17/2019,9/17/2019,9/17/2019,"23471,595"
520,x 61586581630-06,9/17/2019,9/17/2019,9/17/2019,"34827,87"
521,x 77167377617-02,9/17/2019,9/17/2019,9/17/2019,"36762,985"
522,x 75664985359-06,9/17/2019,9/17/2019,9/17/2019,"30602,845"
523,x 32439935907-10,9/17/2019,9/17/2019,9/17/2019,"27710,865"
524,x 14599123731-03,9/17/2019,9/17/2019,9/17/2019,"29054,865"
525,x 22208151256-06,9/17/2019,9/17/2019,9/17/2019,"96356,19"
526,x 50292624232-07,9/17/2019,9/17/2019,9/17/2019,"17876,53"
575,x 95230728368-03,8/6/2019,9/17/2019,9/17/2019,"5126,1"
590,x 10859524552-06,8/20/2019,9/17/2019,9/17/2019,"11954,88"
23,x 50292624232-07,9/6/2019,9/13/2019,9/19/2019,"608,335"
495,x 39315597929-00,9/13/2019,9/20/2019,9/20/2019,"29824,55"
495,x 64252401479-03,9/13/2019,9/20/2019,9/20/2019,"4875,745"
527,x 25455392583-10,9/20/2019,9/20/2019,9/20/2019,"37149,7"
528,x 61586581630-06,9/20/2019,9/20/2019,9/20/2019,"55054,72"
9,x 10859524552-06,9/13/2019,9/21/2019,9/21/2019,"21279,615"
242,x 63718177635-06,9/13/2019,9/21/2019,9/21/2019,"4800,145"
358,x 41541621975-04,9/21/2019,9/21/2019,9/21/2019,"9593,85"
439,x 75664985359-06,9/14/2019,9/21/2019,9/21/2019,"1682,135"
456,x 41541621975-04,9/13/2019,9/21/2019,9/21/2019,"1749,265"
481,x 63718177635-06,9/13/2019,10/10/2019,9/21/2019,"1299,095"
236,x 41541621975-04,9/10/2019,9/17/2019,9/24/2019,"1972,775"
575,x 61320183682-00,8/14/2019,9/24/2019,9/24/2019,"11634,525"
29,x 41541621975-04,9/18/2019,9/25/2019,9/25/2019,"47621,805"
451,x 14057272557-06,9/26/2019,9/26/2019,9/26/2019,"737,135"
570,x 25455392583-10,8/27/2019,9/26/2019,9/26/2019,"3279,92"
119,x 10859524552-06,9/21/2019,9/27/2019,9/27/2019,"18327,12"
236,x 14599123731-03,9/10/2019,9/17/2019,9/27/2019,"1915,865"
529,x 39315597929-00,9/21/2019,9/27/2019,9/27/2019,"9910,915"
590,x 25497925389-08,9/7/2019,9/28/2019,9/27/2019,"10634,505"
447,x 95230728368-03,8/30/2019,9/28/2019,9/28/2019,"575,75"
515,x 41541621975-04,9/10/2019,9/28/2019,9/28/2019,"9658,11"
570,x 57767778949-09,8/22/2019,10/1/2019,10/1/2019,"21119,105"
575,x 25455392583-10,8/20/2019,10/1/2019,10/1/2019,"9011,52"
133,x 10859524552-06,10/2/2019,10/2/2019,10/2/2019,"2616,145"
150,x 25497925389-08,9/25/2019,10/2/2019,10/2/2019,"2860,305"
440,x 25497925389-08,10/2/2019,10/2/2019,10/2/2019,"7374,115"
442,x 26759470396-10,10/2/2019,10/2/2019,10/2/2019,"1771,14"
455,x 26759470396-10,9/17/2019,10/2/2019,10/2/2019,"228,34"
563,x 61586581630-06,8/3/2019,10/2/2019,10/2/2019,"2624,16"
590,x 94994947160-08,9/4/2019,10/2/2019,10/2/2019,"11749,78"
191,x 25497925389-08,9/21/2019,10/3/2019,10/3/2019,"31200,61"
238,x 14599123731-03,10/3/2019,10/3/2019,10/3/2019,"329,07"
358,x 26759470396-10,9/25/2019,10/2/2019,10/3/2019,"183,435"
454,x 25455392583-10,9/26/2019,10/3/2019,10/3/2019,"6991,46"
494,x 50292624232-07,9/26/2019,10/3/2019,10/3/2019,"9425,36"
533,x 32439935907-10,9/17/2019,10/3/2019,10/3/2019,"413,63"
448,x 61586581630-06,10/3/2019,10/4/2019,10/4/2019,"8445,92"
590,x 26759470396-10,8/14/2019,10/4/2019,10/4/2019,"10305,61"
432,x 10859524552-06,9/28/2019,10/5/2019,10/5/2019,"6197,52"
483,x 63718177635-06,9/24/2019,10/5/2019,10/5/2019,"5947,62"
484,x 80771218846-00,9/24/2019,10/5/2019,10/5/2019,"6435,52"
485,x 10641176832-10,9/24/2019,10/5/2019,10/5/2019,"6122,55"
486,x 77167377617-02,9/24/2019,10/5/2019,10/5/2019,"5935,125"
489,x 25497925389-08,9/24/2019,10/5/2019,10/5/2019,"6129,69"
491,x 25497925389-08,10/5/2019,10/5/2019,10/5/2019,6069
492,x 14057272557-06,9/24/2019,10/4/2019,10/5/2019,"5709,025"
493,x 63718177635-06,9/24/2019,10/4/2019,10/5/2019,"6005,93"
516,x 75664985359-06,10/4/2019,10/5/2019,10/5/2019,"6154,715"
530,x 14057272557-06,9/25/2019,10/4/2019,10/5/2019,"2769,655"
590,x 61320183682-00,9/10/2019,10/8/2019,10/8/2019,"3615,15"
242,x 86791017985-09,10/8/2019,10/10/2019,10/9/2019,"16841,37"
481,x 14057272557-06,10/9/2019,10/10/2019,10/9/2019,"22648,78"
514,x 80771218846-00,10/9/2019,10/16/2019,10/9/2019,"1627,465"
532,x 80771218846-00,10/9/2019,10/9/2019,10/9/2019,32501
533,x 10641176832-10,10/9/2019,10/9/2019,10/9/2019,"50829,66"
587,x 25497925389-08,9/11/2019,10/9/2019,10/9/2019,"40383,35"
9,x 10641176832-10,10/10/2019,10/10/2019,10/10/2019,"43794,8"
65,x 94994947160-08,10/1/2019,10/8/2019,10/10/2019,"5797,19"
150,x 14599123731-03,10/8/2019,10/15/2019,10/10/2019,"4217,57"
236,x 29486015020-04,10/8/2019,10/10/2019,10/10/2019,"6052,9"
254,x 77167377617-02,10/9/2019,10/10/2019,10/10/2019,"9770,81"
425,x 25455392583-10,10/4/2019,10/11/2019,10/10/2019,"1696,45"
430,x 57767778949-09,10/8/2019,10/15/2019,10/10/2019,"2131,43"
441,x 41541621975-04,10/2/2019,10/9/2019,10/10/2019,"2500,12"
446,x 14057272557-06,9/26/2019,10/10/2019,10/10/2019,"150,395"
451,x 77167377617-02,10/1/2019,10/10/2019,10/10/2019,"150,36"
455,x 25497925389-08,10/9/2019,10/10/2019,10/10/2019,"8711,01"
459,x 25497925389-08,10/9/2019,10/10/2019,10/10/2019,"2248,995"
464,x 10641176832-10,10/3/2019,10/10/2019,10/10/2019,"7067,165"
495,x 75664985359-06,10/9/2019,10/10/2019,10/10/2019,"4412,94"
504,x 95230728368-03,10/9/2019,10/10/2019,10/10/2019,"14836,64"
515,x 61320183682-00,10/5/2019,10/10/2019,10/10/2019,"8845,83"
531,x 57767778949-09,10/4/2019,10/10/2019,10/10/2019,"1423,24"
533,x 64252401479-03,10/9/2019,10/10/2019,10/10/2019,"781,235"
439,x 57767778949-09,10/4/2019,10/11/2019,10/11/2019,"1744,645"
479,x 14599123731-03,9/25/2019,10/10/2019,10/11/2019,"14244,3"
6,x 10641176832-10,10/15/2019,10/22/2019,10/15/2019,"5502,035"
575,x 61586581630-06,9/6/2019,10/17/2019,10/17/2019,"12812,87"
579,x 50292624232-07,9/17/2019,10/17/2019,10/17/2019,"1731,8"
218,x 50292624232-07,10/11/2019,10/18/2019,10/18/2019,"1892,135"
426,x 25497925389-08,10/15/2019,10/18/2019,10/18/2019,"36773,135"
495,x 14057272557-06,10/11/2019,10/18/2019,10/18/2019,"691,145"
561,x 63718177635-06,9/18/2019,10/18/2019,10/18/2019,"459519,235"
464,x 75664985359-06,10/19/2019,10/19/2019,10/19/2019,"12987,03"
450,x 41541621975-04,10/15/2019,10/22/2019,10/22/2019,"226,52"
482,x 10859524552-06,10/15/2019,10/22/2019,10/22/2019,"7422,03"
495,x 94994947160-08,10/15/2019,10/22/2019,10/22/2019,"7271,075"
504,x 14057272557-06,10/15/2019,10/22/2019,10/22/2019,"1058,995"
575,x 10859524552-06,9/10/2019,10/22/2019,10/22/2019,"3184,545"
590,x 80771218846-00,9/24/2019,10/22/2019,10/22/2019,"14034,195"
65,x 10859524552-06,10/16/2019,10/23/2019,10/23/2019,"1313,795"
90,x 41541621975-04,10/16/2019,10/23/2019,10/23/2019,"504,385"
516,x 61320183682-00,10/16/2019,10/23/2019,10/23/2019,"8756,405"
597,x 94994947160-08,9/26/2019,10/24/2019,10/24/2019,"28426,16"
29,x 75664985359-06,10/19/2019,10/26/2019,10/25/2019,"6717,305"
29,x 63718177635-06,10/24/2019,10/31/2019,10/25/2019,"20864,41"
590,x 64252401479-03,10/5/2019,10/25/2019,10/25/2019,"5726,28"
150,x 95230728368-03,10/22/2019,10/29/2019,10/26/2019,"5989,13"
240,x 80771218846-00,10/22/2019,10/29/2019,10/26/2019,"6065,255"
240,x 10859524552-06,10/26/2019,11/5/2019,10/26/2019,"2843,96"
448,x 80771218846-00,10/22/2019,10/29/2019,10/29/2019,"7721,91"
504,x 86791017985-09,10/22/2019,10/29/2019,10/29/2019,"1524,18"
65,x 26759470396-10,10/29/2019,10/30/2019,10/30/2019,"6720,455"
259,x 80771218846-00,10/17/2019,10/31/2019,10/30/2019,"24697,4"
440,x 95230728368-03,10/23/2019,10/30/2019,10/30/2019,"7207,095"
451,x 57767778949-09,10/26/2019,10/30/2019,10/30/2019,"1885,52"
454,x 77167377617-02,10/29/2019,10/30/2019,10/30/2019,"7242,62"
590,x 14599123731-03,10/2/2019,10/30/2019,10/30/2019,"11414,06"
358,x 26759470396-10,10/29/2019,11/1/2019,11/1/2019,"7479,325"
483,x 22208151256-06,10/24/2019,11/7/2019,11/1/2019,"5947,62"
484,x 39315597929-00,10/24/2019,11/7/2019,11/1/2019,"5540,64"
485,x 95230728368-03,10/24/2019,11/7/2019,11/1/2019,"5886,93"
486,x 94994947160-08,10/24/2019,11/7/2019,11/1/2019,"5709,025"
489,x 10641176832-10,10/24/2019,11/7/2019,11/1/2019,"5426,4"
491,x 75664985359-06,10/24/2019,11/7/2019,11/1/2019,"5769,19"
492,x 10859524552-06,10/24/2019,11/1/2019,11/1/2019,"5822,075"
493,x 39315597929-00,10/24/2019,11/7/2019,11/1/2019,"5652,5"
495,x 26759470396-10,10/25/2019,11/1/2019,11/1/2019,"3797,08"
530,x 61320183682-00,10/24/2019,11/1/2019,11/1/2019,"5826,24"
515,x 63718177635-06,10/26/2019,11/5/2019,11/5/2019,"3189,76"
579,x 14057272557-06,10/4/2019,11/5/2019,11/5/2019,"279,405"
587,x 41541621975-04,9/25/2019,11/5/2019,11/5/2019,"98349,405"
590,x 61320183682-00,10/8/2019,11/5/2019,11/5/2019,"6872,39"
626,x 29486015020-04,9/18/2019,11/5/2019,11/5/2019,"37859,85"
29,x 80771218846-00,10/30/2019,11/6/2019,11/6/2019,"13481,825"
240,x 29486015020-04,10/30/2019,11/6/2019,11/6/2019,"3300,675"
534,x 14057272557-06,10/17/2019,11/8/2019,11/6/2019,"14227,535"
254,x 29486015020-04,11/7/2019,11/7/2019,11/7/2019,"7582,505"
459,x 80771218846-00,10/31/2019,11/7/2019,11/7/2019,"166,005"
464,x 41541621975-04,10/31/2019,11/7/2019,11/7/2019,"6927,2"
482,x 14599123731-03,10/31/2019,11/7/2019,11/7/2019,"6715,17"
495,x 77167377617-02,10/31/2019,11/7/2019,11/7/2019,"700,175"
504,x 10641176832-10,10/31/2019,11/7/2019,11/7/2019,"2131,01"
587,x 32439935907-10,10/10/2019,11/7/2019,11/7/2019,"36172,36"
450,x 95230728368-03,11/6/2019,11/8/2019,11/8/2019,"304,01"
561,x 95230728368-03,10/9/2019,11/8/2019,11/8/2019,"521179,89"
238,x 10859524552-06,11/7/2019,11/9/2019,11/9/2019,"543,795"
242,x 10859524552-06,11/12/2019,11/19/2019,11/12/2019,"27375,075"
479,x 61586581630-06,11/6/2019,11/12/2019,11/12/2019,"13708,8"
575,x 22208151256-06,10/1/2019,11/12/2019,11/12/2019,"2581,775"
575,x 41541621975-04,10/3/2019,11/13/2019,11/13/2019,"2417,94"
303,x 14057272557-06,11/14/2019,11/14/2019,11/14/2019,"29194,41"
348,x 63718177635-06,11/14/2019,11/14/2019,11/14/2019,"35065,8"
425,x 41541621975-04,11/9/2019,11/16/2019,11/14/2019,"1893,675"
430,x 14057272557-06,11/9/2019,11/16/2019,11/14/2019,"2288,265"
441,x 64252401479-03,11/14/2019,11/14/2019,11/14/2019,"116606,84"
443,x 61320183682-00,11/14/2019,11/14/2019,11/14/2019,"91488,46"
454,x 64252401479-03,11/14/2019,11/14/2019,11/14/2019,"94487,645"
501,x 77167377617-02,11/14/2019,11/14/2019,11/14/2019,"19964,28"
537,x 26759470396-10,11/14/2019,11/14/2019,11/14/2019,"36258,215"
218,x 10859524552-06,11/9/2019,11/16/2019,11/16/2019,"2033,64"
236,x 63718177635-06,11/9/2019,11/16/2019,11/16/2019,"1672,755"
504,x 29486015020-04,11/9/2019,11/16/2019,11/16/2019,"1235,045"
536,x 75664985359-06,11/9/2019,11/16/2019,11/16/2019,"1678,425"
448,x 26759470396-10,10/31/2019,11/19/2019,11/19/2019,"591,85"
455,x 32439935907-10,11/19/2019,11/19/2019,11/19/2019,"8434,055"
459,x 50292624232-07,11/12/2019,11/19/2019,11/19/2019,"1945,23"
464,x 75664985359-06,11/12/2019,11/19/2019,11/19/2019,"4633,755"
516,x 39315597929-00,11/12/2019,11/19/2019,11/19/2019,"8496,285"
579,x 50292624232-07,10/4/2019,11/19/2019,11/19/2019,"11377,94"
590,x 94994947160-08,10/22/2019,11/19/2019,11/19/2019,"15987,405"
29,x 86791017985-09,11/20/2019,11/20/2019,11/20/2019,"23455,355"
561,x 86791017985-09,10/22/2019,11/21/2019,11/21/2019,"484174,565"
150,x 22208151256-06,11/20/2019,11/27/2019,11/22/2019,"4869,655"
570,x 86791017985-09,10/10/2019,11/26/2019,11/26/2019,"23386,475"
590,x 75664985359-06,10/29/2019,11/26/2019,11/26/2019,"11393,725"
358,x 41541621975-04,11/26/2019,11/27/2019,11/27/2019,"7855,855"
448,x 57767778949-09,11/20/2019,11/27/2019,11/27/2019,"7068,6"
451,x 14057272557-06,11/26/2019,11/27/2019,11/27/2019,"7692,16"
464,x 39315597929-00,11/20/2019,11/27/2019,11/27/2019,"7499,835"
590,x 10641176832-10,11/7/2019,11/27/2019,11/27/2019,"5845,595"
146,x 29486015020-04,11/20/2019,11/29/2019,11/28/2019,"12924,275"
150,x 32439935907-10,11/23/2019,11/30/2019,11/28/2019,"5899,705"
443,x 14599123731-03,11/21/2019,11/28/2019,11/28/2019,"204,505"
539,x 39315597929-00,11/20/2019,11/28/2019,11/28/2019,"9879,205"
587,x 95230728368-03,10/19/2019,11/28/2019,11/28/2019,"68761,245"
65,x 50292624232-07,11/13/2019,11/29/2019,11/29/2019,"98,77"
450,x 57767778949-09,11/29/2019,11/29/2019,11/29/2019,"301,385"
133,x 32439935907-10,11/23/2019,11/30/2019,11/30/2019,"965,965"
440,x 80771218846-00,11/23/2019,11/30/2019,11/30/2019,"6850,83"
575,x 22208151256-06,10/24/2019,12/3/2019,12/3/2019,"1393,21"
78,x 32439935907-10,11/27/2019,12/4/2019,12/4/2019,"2144,31"
240,x 26759470396-10,12/4/2019,12/4/2019,12/4/2019,"10599,295"
439,x 26759470396-10,11/27/2019,12/4/2019,12/4/2019,"2180,71"
495,x 94994947160-08,12/4/2019,12/4/2019,12/4/2019,"7111,405"
570,x 25497925389-08,10/25/2019,12/4/2019,12/4/2019,"28095,34"
590,x 61586581630-06,11/6/2019,12/4/2019,12/4/2019,"10855,705"
590,x 80771218846-00,11/14/2019,12/4/2019,12/4/2019,"6204,8"
238,x 77167377617-02,12/5/2019,12/5/2019,12/5/2019,"339,99"
442,x 57767778949-09,12/4/2019,12/5/2019,12/5/2019,"457,1"
454,x 39315597929-00,11/22/2019,12/5/2019,12/5/2019,"369,355"
491,x 14057272557-06,11/21/2019,12/5/2019,12/5/2019,"6434,925"
492,x 75664985359-06,11/21/2019,12/5/2019,12/5/2019,"5656,07"
530,x 94994947160-08,11/21/2019,12/5/2019,12/5/2019,"6126,12"
538,x 41541621975-04,11/19/2019,12/5/2019,12/5/2019,"788,025"
65,x 10641176832-10,11/29/2019,12/6/2019,12/6/2019,"508,095"
254,x 32439935907-10,11/29/2019,12/6/2019,12/6/2019,"209,755"
483,x 26759470396-10,11/21/2019,12/7/2019,12/6/2019,"6060,075"
484,x 50292624232-07,11/21/2019,12/7/2019,12/6/2019,"5652,5"
485,x 29486015020-04,11/21/2019,12/7/2019,12/6/2019,"6435,52"
486,x 50292624232-07,11/21/2019,12/7/2019,12/6/2019,"4335,94"
489,x 77167377617-02,11/21/2019,12/7/2019,12/6/2019,6069
493,x 63718177635-06,11/21/2019,12/7/2019,12/6/2019,"5947,62"
540,x 75664985359-06,12/5/2019,12/6/2019,12/6/2019,"8228,255"
561,x 10859524552-06,11/6/2019,12/6/2019,12/6/2019,"610251,495"
218,x 75664985359-06,11/30/2019,12/7/2019,12/7/2019,"2049,04"
450,x 80771218846-00,11/30/2019,12/7/2019,12/7/2019,"236,705"
459,x 32439935907-10,12/7/2019,12/7/2019,12/7/2019,"2382,275"
504,x 61586581630-06,12/7/2019,12/7/2019,12/7/2019,"3087,595"
407,x 25455392583-10,11/20/2019,12/12/2019,12/10/2019,"24120,565"
455,x 75664985359-06,12/10/2019,12/10/2019,12/10/2019,"7183,435"
464,x 61320183682-00,12/10/2019,12/10/2019,12/10/2019,"2833,67"
575,x 63718177635-06,10/30/2019,12/10/2019,12/10/2019,"10194,765"
590,x 61320183682-00,11/12/2019,12/10/2019,12/10/2019,"7609,35"
6,x 32439935907-10,12/10/2019,12/17/2019,12/11/2019,"18095,105"
242,x 94994947160-08,12/7/2019,12/14/2019,12/11/2019,"19747,875"
433,x 94994947160-08,12/11/2019,12/11/2019,12/11/2019,"200492,74"
433,x 95230728368-03,12/11/2019,12/11/2019,12/11/2019,"202576,36"
448,x 25455392583-10,12/3/2019,12/10/2019,12/11/2019,"708,155"
482,x 10859524552-06,12/3/2019,12/11/2019,12/11/2019,"6725,425"
516,x 25497925389-08,12/11/2019,12/11/2019,12/11/2019,"25871,475"
536,x 14599123731-03,12/3/2019,12/10/2019,12/11/2019,"1256,43"
515,x 80771218846-00,12/5/2019,12/12/2019,12/12/2019,"8329,37"
531,x 61586581630-06,12/12/2019,12/12/2019,12/12/2019,"402,7"
605,x 61586581630-06,11/13/2019,12/13/2019,12/13/2019,"8377,005"
29,x 94994947160-08,12/13/2019,12/20/2019,12/14/2019,"29796,585"
29,x 14599123731-03,12/13/2019,12/20/2019,12/14/2019,"5770,17"
29,x 50292624232-07,12/13/2019,12/20/2019,12/14/2019,"7277,06"
29,x 14057272557-06,12/13/2019,12/20/2019,12/14/2019,"10752,63"
150,x 61320183682-00,12/10/2019,12/13/2019,12/14/2019,"16124,01"
236,x 64252401479-03,12/7/2019,12/14/2019,12/14/2019,"1483,475"
425,x 39315597929-00,12/7/2019,12/14/2019,12/14/2019,"1874,25"
430,x 41541621975-04,12/7/2019,12/14/2019,12/14/2019,"2155,65"
439,x 80771218846-00,12/7/2019,12/14/2019,12/14/2019,"1692,67"
456,x 14599123731-03,12/14/2019,12/14/2019,12/14/2019,"4581,885"
540,x 10641176832-10,12/7/2019,12/14/2019,12/14/2019,"299,565"
561,x 22208151256-06,11/14/2019,12/14/2019,12/14/2019,"592,38"
479,x 14599123731-03,12/13/2019,12/17/2019,12/17/2019,"14137,2"
441,x 32439935907-10,12/19/2019,12/19/2019,12/19/2019,"372,085"
587,x 57767778949-09,11/9/2019,12/19/2019,12/19/2019,"40775,42"
9,x 95230728368-03,12/13/2019,12/20/2019,12/20/2019,"18065,32"
78,x 94994947160-08,12/13/2019,12/20/2019,12/20/2019,"2431,38"
78,x 10859524552-06,12/13/2019,12/20/2019,12/20/2019,"159,355"
433,x 14057272557-06,12/13/2019,12/20/2019,12/20/2019,"151,725"
242,x 14057272557-06,12/19/2019,12/26/2019,12/21/2019,"14709,835"
450,x 10641176832-10,12/17/2019,12/24/2019,12/24/2019,"770,84"
494,x 14057272557-06,12/17/2019,12/24/2019,12/24/2019,"19634,265"
590,x 10641176832-10,11/26/2019,12/24/2019,12/24/2019,"11298,77"
220,x 10641176832-10,12/19/2019,12/26/2019,12/26/2019,"1637,65"
536,x 61320183682-00,12/19/2019,12/26/2019,12/26/2019,"3342,255"
425,x 29486015020-04,12/27/2019,12/27/2019,12/27/2019,"134,51"
429,x 77167377617-02,12/27/2019,12/27/2019,12/27/2019,"157,56"
448,x 32439935907-10,12/20/2019,12/27/2019,12/27/2019,"6715,17"
451,x 77167377617-02,12/27/2019,12/27/2019,12/27/2019,"7227,36"
464,x 32439935907-10,12/20/2019,12/27/2019,12/27/2019,"7422,03"
475,x 80771218846-00,12/27/2019,12/27/2019,12/27/2019,"313,12"
486,x 64252401479-03,12/27/2019,12/27/2019,12/27/2019,"6310,5"
515,x 75664985359-06,12/27/2019,12/27/2019,12/27/2019,"211,98"
33,x 95230728368-03,12/18/2019,12/28/2019,12/28/2019,"14813,19"
65,x 57767778949-09,12/11/2019,12/28/2019,12/28/2019,"94,64"
84,x 77167377617-02,12/18/2019,12/28/2019,12/28/2019,"14189,63"
106,x 14599123731-03,12/18/2019,12/28/2019,12/28/2019,"268,47"
136,x 39315597929-00,12/18/2019,12/28/2019,12/28/2019,"41110,58"
150,x 80771218846-00,12/27/2019,1/3/2019,12/28/2019,"15080,485"
220,x 22208151256-06,12/26/2019,1/2/2019,12/28/2019,"1972,005"
249,x 80771218846-00,12/18/2019,12/28/2019,12/28/2019,"15943,55"
434,x 10859524552-06,12/26/2019,1/2/2019,12/28/2019,"2904,405"
535,x 75664985359-06,10/31/2019,12/28/2019,12/28/2019,"138,705"
541,x 86791017985-09,12/18/2019,12/28/2019,12/28/2019,"954,25"
542,x 61320183682-00,12/18/2019,12/28/2019,12/28/2019,"156,96"
543,x 94994947160-08,12/28/2019,12/28/2019,12/28/2019,"155,32"
544,x 32439935907-10,12/18/2019,12/28/2019,12/28/2019,"17336,2"
545,x 10859524552-06,12/18/2019,12/28/2019,12/28/2019,"10052,7"